Dec 06 2022 05:30AM,Atul Ltd,ATUL,34646.0,33.06548082316584,70.2451528283423,8725.2477289758,14.92727102419849,-153.7602289757997,-252.61022897580006,-320.0852289758004,-449.33522897580224,-462.1227289758008,-453.98522897580006,-536.610228975801,-632.5227289758004,-676.8227289758006
Jan 02 2023 05:30AM,Bayer CropScience Ltd,BAYERCROP,13862.0,25.74046123972718,68.74929235060372,4876.190741097858,-163.44074109785834,-119.00324109785834,-76.90324109785797,-41.7282410978587,0.8967589021413005,36.69675890214148,66.78425890214203,-7.6657410978586995,-49.55324109785852,-76.99074109785852
Nov 11 2022 05:30AM,Bombay Burmah Trading Corporation Ltd,BBTC,160149.2,29.37781330307691,67.19687798360857,935.3963954874573,14.966104512542756,10.241104512542734,4.078604512542711,-6.746395487457335,-20.458895487457312,-28.68389548745722,-15.196395487457266,-7.858895487457403,-15.908895487457357,-17.971395487457244
Nov 14 2022 05:30AM,Bombay Burmah Trading Corporation Ltd,BBTC,164252.0,30.988041405006616,67.6792362316869,942.8794477437286,2.7580522562714123,-3.4044477437286105,-14.229447743728656,-27.941947743728633,-36.16694774372854,-22.679447743728588,-15.341947743728724,-23.39194774372868,-25.454447743728565,-23.204447743728565
Dec 06 2022 05:30AM,Deccan Cements Ltd,DECCANCE,37502.4,18.650935505466634,70.09336437992405,524.2937398072588,10.931260192741206,9.556260192741206,14.768760192741183,11.831260192741183,4.306260192741092,11.581260192741183,12.66876019274116,9.018760192741183,-0.48123980725881665,-4.068739807258794
Jan 06 2023 05:30AM,Grindwell Norton Ltd,GRINDWELL,94089.2,22.985419962902178,53.102967396096155,1877.4903336987018,-16.915333698701716,-53.75283369870158,-73.27783369870167,-81.17783369870176,-75.01533369870185,-78.92783369870176,-65.44033369870158,-36.327833698701625,-2.2528336987018065,27.672166301298375
Dec 19 2022 05:30AM,Gujarat State Fertilizers &amp; Chemicals Ltd,GSFC,7489330.4,41.11571231524521,78.43952231277662,144.84739983505952,0.8151001649405032,-1.5348998350595195,-5.384899835059542,-12.28489983505952,-19.584899835059502,-21.009899835059514,-18.247399835059525,-10.572399835059514,-6.559899835059525,-4.872399835059525
Nov 14 2022 05:30AM,Linde India Ltd,LINDEINDIA,31440.8,24.763180789687322,58.44552299488493,3197.283338296329,2.9791617036707976,-30.62083829632911,-86.15833829632902,-118.57083829632893,-121.39583829632875,-130.0583382963291,-133.79583829632884,-148.18333829632866,-148.50833829632893,-153.5833382963292
Dec 19 2022 05:30AM,Linde India Ltd,LINDEINDIA,56389.0,30.878752048745323,75.94659085971801,3332.132012130941,184.00548786905938,194.78048786905947,106.75548786905892,89.4304878690591,79.10548786905929,-10.569512130940893,82.1429878690592,88.1804878690591,66.13048786905892,111.94298786905892
Dec 30 2022 05:30AM,Tata Steel Long Products Ltd,TATASTLLP,62362.2,19.764351435042023,54.58384709414305,653.3281786669235,-34.31567866692342,-39.45317866692346,-9.515678666923463,3.471821333076491,7.721821333076491,22.53432133307649,44.80932133307658,57.396821333076446,44.85932133307654,41.92182133307654
Dec 13 2022 05:30AM,Lakshmi Precision Screws Ltd,LAKPRE,1358.2,13.953355858957531,59.45012265090908,6.048317785155173,0.15168221484482736,0.22668221484482665,0.07668221484482718,0.1891822148448279,0.23918221484482682,0.1766822148448277,0.0016822148448270013,-0.09831778515517353,-0.035817785155171755,-0.39831778515517247
Dec 09 2022 05:30AM,The Ramco Cements Ltd,RAMCOCEM,803381.2,23.839417295645244,64.45819151285035,707.0550729022907,22.457427097709342,22.919927097709206,23.69492709770941,19.36992709770925,16.632427097709297,9.132427097709297,9.007427097709297,4.557427097709251,-1.605072902290658,-8.042572902290658
Dec 12 2022 05:30AM,The Ramco Cements Ltd,RAMCOCEM,950986.4,24.95367743235147,68.09445900764841,718.2837864511454,11.691213548854535,12.46621354885474,8.14121354885458,5.4037135488546255,-2.0962864511453745,-2.2212864511453745,-6.67128645114542,-12.833786451145329,-19.27128645114533,-28.346286451145374
Jan 04 2023 05:30AM,Prakash Industries Ltd,PRAKASH,1243867.8,32.24117273862411,65.59554627205573,56.829821259925595,-7.304821259925596,-7.504821259925592,-5.179821259925596,-4.5298212599255905,-4.304821259925589,-2.617321259925596,0.045178740074405255,1.807678740074408,1.307678740074401,1.432678740074408
Jan 05 2023 05:30AM,Prakash Industries Ltd,PRAKASH,1420225.8,32.05400274726687,63.33653810241952,57.4836606299628,-7.9586606299628,-8.158660629962796,-5.8336606299628,-5.1836606299627945,-4.958660629962793,-3.2711606299628,-0.6086606299627988,1.153839370037204,0.6538393700371969,0.778839370037204
Nov 02 2022 05:30AM,AMJ Land Holdings Ltd,AMJLAND,79559.4,20.432857226194134,65.17408244021087,29.884514736427175,0.9029852635728268,-0.08451473642717744,-0.5845147364271774,-0.17201473642717247,-0.32201473642717815,-0.7095147364271703,-0.7845147364271732,-1.1595147364271732,-1.1470147364271774,-1.2845147364271732
Nov 07 2022 05:30AM,Vedanta Ltd,VEDL,22764502.6,28.225546470046996,69.98672108560952,303.08230467515295,10.417695324847045,5.017695324847068,3.242695324847034,8.805195324847034,12.867695324847034,13.555195324846977,12.467695324847057,5.392695324847068,9.055195324847034,7.467695324847
Dec 06 2022 05:30AM,Vedanta Ltd,VEDL,14047593.2,31.011147860948398,61.81287414243462,313.6438567946479,2.593643205352123,-0.006356794647899733,-0.10635679464786563,-1.556356794647911,-6.956356794647888,-1.2813567946479338,1.9936432053521003,-0.33135679464788836,-3.743856794647911,-1.9563567946478884
Nov 02 2022 05:30AM,Shree Cement Ltd,SHREECEM,62325.4,15.999532065700624,65.56190611761579,22291.299611905604,258.3003880943943,311.9628880943965,539.3003880943943,910.2753880943928,1007.187888094395,402.562888094395,462.76288809439575,680.687888094395,862.3003880943943,925.3378880943928
Dec 06 2022 05:30AM,Tinplate Company of India Ltd,TINPLATE,320113.2,21.347001005532743,73.46223172184163,330.74124033931577,4.821259660684234,-2.1287403393157547,-1.1662403393157206,-2.428740339315766,-6.666240339315777,-3.9412403393157547,-0.16624033931577742,-1.2537403393157547,-4.891240339315743,-3.5787403393157433
Jan 02 2023 05:30AM,Tinplate Company of India Ltd,TINPLATE,279673.6,18.74841242457293,61.15281476872604,329.7843977522666,-25.034397752266614,-26.359397752266602,-11.796897752266602,-4.096897752266614,-0.959397752266625,5.665602247733375,14.190602247733409,21.94060224773341,16.403102247733386,14.553102247733364
Jan 03 2023 05:30AM,Tinplate Company of India Ltd,TINPLATE,451603.4,19.401974698189065,65.94653540889357,336.8796988761333,-32.12969887613332,-33.45469887613331,-18.892198876133307,-11.192198876133318,-8.05469887613333,-1.4296988761333296,7.0953011238667045,14.845301123866705,9.307801123866682,7.457801123866659
Dec 05 2022 05:30AM,Tata Steel Ltd,TATASTEEL,59512858.4,23.952778349797615,70.1426691800582,109.68280578273236,4.792194217267635,4.292194217267635,2.554694217267638,2.1671942172676353,1.9921942172676381,0.9921942172676381,2.1671942172676353,2.554694217267638,2.254694217267641,1.0546942172676381
Nov 29 2022 05:30AM,TIL Ltd,TIL,7617.2,27.777202329624878,64.77210407161618,109.26376069813753,10.686239301862472,16.636239301862474,22.886239301862474,28.92373930186247,36.386239301862474,43.636239301862474,49.33623930186246,59.23623930186247,64.37373930186246,73.09873930186248
Nov 30 2022 05:30AM,TIL Ltd,TIL,4719.6,27.97288813975763,69.31778916727606,114.60688034906877,11.293119650931231,17.54311965093123,23.580619650931226,31.04311965093123,38.29311965093123,43.99311965093122,53.893119650931226,59.030619650931214,67.75561965093124,66.5431196509312
Nov 09 2022 05:30AM,Eveready Industries India Ltd,EVEREADY,367891.6,31.50322807772637,67.4681327245907,326.42400245128107,6.513497548718931,5.563497548718885,3.063497548718942,0.7884975487189081,1.4384975487189422,1.8009975487189536,1.600997548718908,1.2634975487189308,8.063497548718885,19.688497548718885
Nov 10 2022 05:30AM,Alembic Ltd,ALEMBICLTD,746780.4,28.923925311935214,74.79662046890563,75.97519711399099,-0.9376971139909926,-2.48769711399099,-2.6251971139909926,-1.4251971139909756,-0.8376971139909841,-1.0626971139909926,-0.787697113990987,-1.2376971139909898,-2.5001971139909926,-2.837697113990984
Nov 30 2022 05:30AM,Lyka Labs Ltd,LYKALABS,336657.4,22.05998278553082,69.53076540252741,139.6872610504431,2.862738949556899,0.012738949556876378,-2.6997610504431293,-1.587261050443118,-4.674761050443124,-6.424761050443124,-4.224761050443135,-3.887261050443101,-5.212261050443118,-5.049761050443124
Nov 18 2022 05:30AM,Andrew Yule &amp; Company Ltd,ANDREWYU,743552.6,26.704073007555554,82.65876775332683,22.772612337567757,0.7273876624322426,0.08988766243224333,0.08988766243224333,0.5398876624322426,1.014887662432244,1.1023876624322426,1.8523876624322426,3.377387662432241,4.602387662432243,5.339887662432243
Jan 03 2023 05:30AM,Williamson Magor &amp; Company Ltd,WILLAMAGOR,11885.4,22.614640995969722,55.05140476094827,22.17214678551086,-3.147146785510863,-3.5346467855108585,-2.25964678551086,-1.63464678551086,-0.4096467855108621,0.4153532144891372,0.39035321448913507,0.15285321448914146,-0.8096467855108642,-1.2596467855108635
Nov 28 2022 05:30AM,Rain Industries Ltd,RAIN,1504521.0,17.0370718300379,58.0144147385799,175.80239231422098,4.210107685779008,4.347607685778996,4.37260768577903,8.87260768577903,10.297607685779013,11.49760768577903,10.560107685779002,8.135107685779019,7.572607685779019,5.635107685779019
Nov 29 2022 05:30AM,Rain Industries Ltd,RAIN,1542903.4,17.660764238451204,61.275980343102376,177.90744615711048,2.2425538428894924,2.2675538428895265,6.7675538428895265,8.19255384288951,9.392553842889527,8.455053842889498,6.030053842889515,5.467553842889515,3.530053842889515,1.1175538428895209
Jan 04 2023 05:30AM,Rain Industries Ltd,RAIN,1462175.2,22.985508001315676,57.650371011110366,175.91672046046625,-13.104220460466252,-15.529220460466263,-10.329220460466274,-8.416720460466252,-7.8542204604662516,-4.754220460466229,-0.7417204604662686,3.745779539533771,1.2582795395337598,0.2582795395337314
Nov 18 2022 05:30AM,Jindal Saw Ltd,JINDALSAW,1331943.8,27.891778224653304,74.58102167562815,88.59478678843699,2.0427132115630116,1.4052132115630087,-0.39478678843698845,0.4927132115630002,3.3427132115630087,4.005213211563003,4.1677132115630116,4.442713211563003,4.530213211563009,4.217713211563009
Dec 05 2022 05:30AM,Anjani Portland Cement Ltd,APCL,23066.6,24.046907320128582,72.07039568906517,237.23541722187136,3.102082778128647,10.639582778128641,17.45208277812864,16.814582778128653,20.689582778128653,17.95208277812864,14.114582778128636,11.489582778128636,7.077082778128641,-12.41041722187137
Nov 24 2022 05:30AM,Pitti Engineering Ltd,PITTIENG,233125.8,25.797098049598553,59.46473440151612,298.8800223780732,12.482477621926819,16.644977621926785,19.46997762192683,20.98247762192682,25.957477621926785,28.694977621926853,26.007477621926796,33.269977621926785,32.01997762192684,28.23247762192682
Dec 30 2022 05:30AM,Mahamaya Steel Industries Ltd,MAHASTEEL,162564.2,21.359228800688438,57.56836169002193,70.67135195453676,-7.396351954536762,-8.208851954536762,-2.9588519545367546,2.7661480454632397,1.053648045463234,0.7536480454632368,1.8286480454632397,1.7661480454632397,0.5911480454632283,-0.17135195453676033
Nov 18 2022 05:30AM,M M Forgings Ltd,MMFL,85026.4,26.321284341729324,65.665860557528,835.5514694807609,35.048530519238966,40.07353051923906,34.173530519238966,12.061030519239011,10.323530519239057,25.42353051923908,45.66103051923915,58.82353051923906,60.123530519239125,44.661030519239034
Nov 21 2022 05:30AM,M M Forgings Ltd,MMFL,91694.4,26.177881804048585,68.15173690422819,853.0757347403804,22.549265259619574,16.649265259619483,-5.4632347403804715,-7.200734740380426,7.899265259619597,28.136765259619665,41.299265259619574,42.59926525961964,27.13676525961955,13.286765259619528
Jan 04 2023 05:30AM,Country Club Hospitality &amp; Holidays Ltd,CCHHL,30662.4,24.984546747593264,53.29390491498809,7.637270560281744,-0.46227056028174385,-0.649770560281743,-0.4997705602817435,-0.4372705602817435,-0.22477056028174403,-0.16227056028174403,0.00022943971825650777,0.12522943971825562,0.06272943971825651,-0.049770560281743315
Dec 12 2022 05:30AM,Techindia Nirman Ltd,TECHIN,14411.6,15.376781241428443,61.463090581906165,11.200957107178656,0.6990428928213426,0.41154289282134293,0.38654289282134435,0.28654289282134293,0.09904289282134471,0.09904289282134293,0.08654289282134542,-0.16345710717865636,-0.23845710717865387,-0.8509571071786564
Dec 13 2022 05:30AM,Techindia Nirman Ltd,TECHIN,20253.2,17.15869667770955,64.51712401607354,11.550478553589327,0.06202144641067164,0.037021446410673065,-0.06297855358932836,-0.2504785535893266,-0.25047855358932836,-0.26297855358932587,-0.5129785535893276,-0.5879785535893252,-1.2004785535893276,-1.3379785535893287
Nov 16 2022 05:30AM,NxtDigital Ltd,NXTDIGITAL,19077.2,24.589192223132095,66.77852918743898,418.0248727249078,24.08762727509213,27.187627275092154,12.937627275092154,16.050127275092223,-351.56237272490785,-345.9748727249078,-342.12487272490785,-338.37487272490785,-334.4248727249078,-330.2748727249078
Jan 02 2023 05:30AM,Blue Dart Express Ltd,BLUEDART,13756.4,15.157635425324434,58.49041626764592,7651.088758401396,-274.0637584013966,-263.1887584013966,-196.32625840139644,-52.1137584013959,3.7987415986044653,63.486241598603556,138.86124159860356,143.04874159860356,196.72374159860374,132.16124159860374
Jan 03 2023 05:30AM,Blue Dart Express Ltd,BLUEDART,13726.0,16.24147286695818,61.79004339759954,7720.519379200698,-343.49437920069795,-332.61937920069795,-265.75687920069777,-121.54437920069722,-65.63187920069686,-5.944379200697767,69.43062079930223,73.61812079930223,127.29312079930241,62.730620799302415
Dec 30 2022 05:30AM,Websol Energy System Ltd,WEBELSOLAR,123343.2,20.919161013333543,54.453540859536254,96.25451796429172,-7.367017964291719,-6.779517964291713,-2.2170179642917276,0.9704820357082724,1.2829820357082724,0.13298203570828093,-0.5295179642917134,-1.317017964291722,-2.5170179642917248,-0.4045179642917276
Dec 02 2022 05:30AM,Bhandari Hosiery Exports Ltd,BHANDARI,3573326.6,44.26616994497413,81.5734801741808,6.35328033710471,0.6717196628952893,0.43421966289528946,0.47171966289529,0.30921966289528946,0.009219662895289638,-0.17828033710470947,-0.24078033710471036,-0.30328033710471036,-0.12828033710470965,-0.040780337104710185
Dec 06 2022 05:30AM,Goldiam International Ltd,GOLDIAM,627376.6,24.17222717167354,72.02238118831835,140.9329129105747,1.0920870894253198,0.4795870894253085,1.0045870894253142,-2.5079129105746745,-4.545412910574697,-4.357912910574669,-5.3954129105746915,-5.232912910574697,-6.957912910574663,-6.495412910574686
Dec 12 2022 05:30AM,Vipul Ltd,VIPULLTD,146668.2,45.37097555393672,89.23759938188277,15.802688940649817,1.5098110593501826,0.05981105935018327,-0.6026889406498182,-0.7026889406498178,-0.31518894064981673,-0.41518894064981815,-0.4026889406498171,-0.29018894064981815,-0.16518894064981815,-0.05268894064981744
Dec 13 2022 05:30AM,Vipul Ltd,VIPULLTD,191317.4,48.19696379990064,89.4444374632086,16.557594470324908,-0.6950944703249071,-1.3575944703249085,-1.4575944703249082,-1.0700944703249071,-1.1700944703249085,-1.1575944703249075,-1.0450944703249085,-0.9200944703249085,-0.8075944703249078,-0.09509447032490925
Dec 09 2022 05:30AM,Optiemus Infracom Ltd,OPTIEMUS,1085696.2,28.05481663281168,82.86813342127776,287.767457726213,61.34504227378693,73.15754227378699,66.73254227378698,52.245042273786964,40.395042273787,42.182542273786964,48.620042273786964,54.895042273787,44.78254227378699,14.032542273786987
Dec 19 2022 05:30AM,Oil India Ltd,OIL,1363569.2,34.91037192692614,69.4274246493683,213.58523047015103,-0.585230470151032,-2.822730470151015,-6.085230470151032,-10.422730470151066,-14.54773047015101,-13.22273047015102,-6.835230470151032,-3.6977304701510434,-5.660230470151049,-5.335230470151032
Jan 04 2023 05:30AM,Oil India Ltd,OIL,651159.0,24.732150523314846,59.360780360393775,211.3090845289234,-12.27158452892337,-10.946584528923381,-4.5590845289233926,-1.421584528923404,-3.3840845289234096,-3.0590845289233926,0.9659154710765847,1.2409154710766188,-2.5840845289233982,-2.7715845289233982
Jan 02 2023 05:30AM,Maruti Suzuki India Ltd,MARUTI,432630.4,40.55698687955776,39.33835705922782,8394.403712209969,-170.8787122099693,-187.9412122099693,-106.85371220996967,-25.1162122099704,2.5462877900317835,34.80878779003069,-4.428712209970399,-27.17871220996858,17.3212877900296,48.37128779003069
Dec 16 2022 05:30AM,Oil &amp; Natural Gas Corpn Ltd,ONGC,12019375.6,31.722316814213862,72.50359586688437,145.98689893478326,2.2756010652167333,0.36310106521676744,-0.824398934783261,-1.1118989347832553,-2.499398934783244,-5.186898934783244,-4.949398934783233,-2.3868989347832326,-2.311898934783244,-2.011898934783261
Jan 04 2023 05:30AM,Swelect Energy Systems Ltd,SWELECTES,9108.8,22.59958416013593,57.75920738327003,340.5820282161961,-26.3070282161961,-27.032028216196125,-14.307028216196102,-11.794528216196056,-12.982028216196056,-6.919528216196056,2.017971783803887,4.230471783803921,5.455471783803944,10.480471783803921
Dec 30 2022 05:30AM,Viji Finance Ltd,VIJIFIN,347462.8,20.749761327249193,65.37528075796722,3.1390799477063864,-0.4890799477063861,-0.6015799477063863,-0.27657994770638616,-0.014079947706386431,0.19842005229361348,0.24842005229361375,0.11092005229361357,0.14842005229361366,0.08592005229361321,0.023420052293613658
Nov 22 2022 05:30AM,Ahluwalia Contracts (India) Ltd,AHLUCONT,106359.8,16.621411851211494,58.04439880912413,435.3287947851486,6.64620521485142,7.071205214851375,1.996205214851443,-1.2287947851486365,-3.6412947851486024,0.9712052148513521,-1.4662947851486479,-2.5037947851486138,-0.44129478514861376,1.3337052148514204
Nov 23 2022 05:30AM,Ahluwalia Contracts (India) Ltd,AHLUCONT,102142.8,16.91647801631525,58.390233428702174,438.6518973925743,3.7481026074256647,-1.326897392574267,-4.551897392574347,-6.964397392574313,-2.351897392574358,-4.789397392574358,-5.826897392574324,-3.764397392574324,-1.9893973925742898,16.548102607425676
Nov 29 2022 05:30AM,Indian Oil Corporation Ltd,IOC,22793705.4,34.0350323757381,85.83802551159877,73.39299007666358,2.4695099233364175,2.257009923336426,3.194509923336426,3.2070099233364147,3.7320099233364203,3.069509923336426,3.457009923336429,3.6570099233364175,3.994509923336423,4.54450992333642
Nov 30 2022 05:30AM,Indian Oil Corporation Ltd,IOC,23586569.0,37.01732859743224,87.15221609595496,74.6277450383318,1.0222549616682102,1.9597549616682102,1.9722549616681988,2.4972549616682045,1.8347549616682102,2.222254961668213,2.4222549616682016,2.7597549616682073,3.3097549616682045,3.784754961668199
Nov 02 2022 05:30AM,Power Finance Corporation Ltd,PFC,9470223.6,34.5714624822166,72.64216693349127,113.86888880491794,1.8936111950820447,2.318611195082056,3.056111195082053,4.343611195082062,5.018611195082045,3.493611195082053,5.7186111950820475,6.98111119508205,6.956111195082059,6.818611195082056
Dec 19 2022 05:30AM,Madhucon Projects Ltd,MADHUCON,97649.4,19.70634144168749,75.54433358108085,6.00898338990099,0.5410166100990104,0.4160166100990095,0.0910166100990093,-0.1589833899009907,-0.5089833899009903,-0.6589833899009907,-0.4089833899009898,-0.30898338990099017,-0.2214833899009907,-0.2214833899009907
Dec 20 2022 05:30AM,Madhucon Projects Ltd,MADHUCON,118281.4,22.854050536910872,79.94952092113293,6.2794916949504955,0.1455083050495043,-0.17949169495049588,-0.4294916949504959,-0.7794916949504955,-0.9294916949504959,-0.679491694950495,-0.5794916949504954,-0.4919916949504959,-0.4919916949504959,-0.4919916949504959
Nov 14 2022 05:30AM,New India Assurance Company Ltd,NIACL,2246772.6,30.552273070085217,84.04809047166985,100.5093361040991,-4.246836104099103,-5.634336104099106,-7.521836104099108,-8.246836104099103,-7.446836104099106,-7.534336104099111,-6.271836104099108,-5.146836104099123,-4.121836104099117,-3.9718361040991113
Nov 30 2022 05:30AM,New India Assurance Company Ltd,NIACL,4323199.0,37.790220427588864,77.95688361588698,103.26171187404886,8.050788125951144,5.138288125951135,5.675788125951144,7.388288125951135,5.700788125951149,3.9882881259511436,2.9382881259511464,6.363288125951144,10.76328812595115,9.925788125951144
Nov 02 2022 05:30AM,Gujarat Pipavav Port Ltd,GPPL,588746.4,19.157707163891,50.79617446127398,85.64098634842344,1.5840136515765693,1.0715136515765664,2.5715136515765664,2.7840136515765437,3.3715136515765494,10.096513651576572,10.99651365157655,10.096513651576572,8.99651365157655,7.121513651576564
Dec 16 2022 05:30AM,GAIL (India) Ltd,GAIL,18715318.8,28.905350661521663,73.76797538287376,95.27177501191969,2.4157249880803136,1.8282249880803079,2.0032249880803192,1.3032249880803022,-0.7467750119196808,-2.9717750119196893,-2.484275011919692,-0.5342750119196893,0.02822498808031071,0.26572498808030787
Dec 30 2022 05:30AM,GAIL (India) Ltd,GAIL,11474985.2,23.53496003899799,57.732191086852126,95.10904226075382,-2.8090422607538272,-2.32154226075383,-0.37154226075382724,0.19095773924617276,0.4284577392461699,1.3909577392461756,1.24095773924617,1.7159577392461784,1.2034577392461756,1.36595773924617
Nov 30 2022 05:30AM,KIOCL Ltd,KIOCL,406962.2,29.393292891210688,80.50070252900967,205.02483242282577,16.30016757717422,13.662667577174233,13.262667577174227,14.437667577174238,8.475167577174233,5.612667577174221,5.31266757717421,2.462667577174244,0.6126675771742498,3.3626675771742214
Nov 23 2022 05:30AM,Indoco Remedies Ltd,INDOCO,115878.8,23.60908966907888,74.4930549908286,371.25231176641535,10.310188233584654,34.060188233584654,37.14768823358469,28.5101882335847,18.022688233584688,20.6976882335847,26.210188233584688,25.597688233584677,22.34768823358462,27.33518823358463
Dec 02 2022 05:30AM,Cyient Ltd,CYIENT,282941.8,41.759668117599475,71.71198694467745,836.177970475029,18.59702952497105,12.372029524970912,18.17202952497098,11.14702952497089,5.772029524971003,-7.052970475029042,-9.177970475029042,-11.377970475028974,-11.127970475029088,-11.577970475029133
Dec 05 2022 05:30AM,Gujarat Mineral Development Corporation Ltd,GMDCLTD,2102826.4,22.98168444857726,70.66821248283028,156.6753433986447,4.3871566013552865,1.6871566013552979,0.06215660135529788,1.8496566013552638,-0.4253433986447135,-2.825343398644719,-2.5753433986447476,-1.5753433986447192,-2.262843398644719,-3.387843398644719
Dec 06 2022 05:30AM,Gujarat Mineral Development Corporation Ltd,GMDCLTD,2086157.8,24.663188701753494,72.53707078479268,158.86892169932236,-0.5064216993223454,-2.1314216993223454,-0.3439216993223795,-2.6189216993223567,-5.018921699322362,-4.768921699322391,-3.7689216993223624,-4.456421699322362,-5.581421699322362,-7.131421699322345
Dec 01 2022 05:30AM,Suzlon Energy Ltd,SUZLON,165388296.8,19.00391384401553,67.70493637550675,8.841791164472047,0.39570883552795344,0.38320883552795415,1.0207088355279534,1.3332088355279534,1.233208835527952,1.0082088355279524,0.733208835527952,0.9457088355279524,1.3957088355279517,1.7082088355279517
Dec 08 2022 05:30AM,Cinevista Ltd,CINEVISTA,66351.2,19.058854057674473,72.61619636534886,12.989601029301124,0.4478989706988763,0.0728989706988763,-0.12710102930112477,-0.20210102930112583,-0.2896010293011244,-0.0021010293011247683,-0.014601029301122281,0.247898970698877,0.3353989706988756,0.06039897069887523
Jan 04 2023 05:30AM,Maithan Alloys Ltd,MAITHANALL,90180.4,24.498216215877022,73.83707535432586,1048.2034487467026,-115.56594874670259,-117.3784487467027,-90.70344874670263,-66.50344874670259,-55.1909487467027,-36.61594874670266,-12.028448746702452,32.38405125329746,35.74655125329741,35.359051253297366
Jan 04 2023 05:30AM,Aksh Optifibre Ltd,AKSHOPTFBR,948437.6,17.949841911090235,63.749452966324704,10.6761249590736,-1.4261249590736007,-1.4761249590736014,-0.8386249590736021,-0.6886249590736,-0.8011249590736007,-0.7136249590736004,-0.2511249590736,0.5113750409263993,0.33637504092640036,0.3238750409263993
Nov 16 2022 05:30AM,Energy Development Company Ltd,ENERGYDEV,170995.2,15.093914451392495,64.49199382747776,19.62409029502377,0.08840970497622891,0.07590970497622962,0.23840970497623104,-0.2865902950237711,-0.19909029502376896,-0.1365902950237725,0.05090970497623104,0.2759097049762289,0.13840970497622962,0.03840970497623175
Nov 16 2022 05:30AM,Kamdhenu Ltd,KAMDHENU,287823.8,37.67224441530258,83.5579829671418,192.45407494619846,20.59592505380155,31.24592505380153,36.60842505380154,48.52092505380156,59.44592505380152,71.94592505380152,85.75842505380152,87.59592505380155,69.85842505380154,63.34592505380155
Nov 17 2022 05:30AM,Kamdhenu Ltd,KAMDHENU,331512.4,40.29174518248486,85.65718830777095,202.75203747309922,20.947962526900767,26.31046252690078,38.2229625269008,49.147962526900756,61.647962526900756,75.46046252690076,77.29796252690079,59.56046252690078,53.04796252690079,55.24796252690078
Dec 01 2022 05:30AM,Hindustan Media Ventures Ltd,HMVL,115167.0,20.193062079645504,69.6955516446466,58.61283334389527,0.8746666561047292,0.23716665610472631,0.14966665610473484,1.5871666561047348,1.2996666561047263,0.21216665610472774,-1.2003333438952737,-1.862833343895268,-1.3503333438952652,-0.31283334389526374
Nov 16 2022 05:30AM,Info Edge (India) Ltd,NAUKRI,911931.6,18.961824572819157,67.43746130172632,4174.258221892919,-15.995721892919391,-152.10822189291957,-269.6707218929191,-283.4707218929193,-311.2207218929193,-301.5457218929191,-307.2957218929196,-263.30822189291894,-219.74572189291894,-211.7207218929193
Jan 05 2023 05:30AM,Mallcom (India) Ltd,MALLCOM,8155.2,31.61365386174059,70.19655611479307,717.1343963719937,-86.62189637199367,-43.734396371993626,-55.60939637199374,-48.98439637199374,-39.90939637199381,-39.82189637199372,-22.509396371993716,12.203103628006374,10.390603628006374,-7.3843963719937165
Nov 03 2022 05:30AM,Alkem Laboratories Ltd,ALKEM,73273.2,22.052680995960063,66.72822390987626,3218.0549735057602,82.39502649423957,53.570026494239755,15.957526494239573,-8.992473505760245,-37.154973505760154,-54.22997350576043,-104.00497350576006,-74.37997350576006,-98.79247350575997,-109.14247350576034
Nov 04 2022 05:30AM,Alkem Laboratories Ltd,ALKEM,81824.6,23.514937198746825,69.03820139206975,3259.25248675288,12.372513247119969,-25.239986752880213,-50.18998675288003,-78.35248675287994,-95.42748675288021,-145.20248675287985,-115.57748675287985,-139.98998675287976,-150.33998675288012,-126.38998675287985
Nov 23 2022 05:30AM,PTC India Ltd,PTC,459433.2,34.85571055251948,72.33378713089029,82.36515100659727,1.3723489934027242,2.134848993402727,5.234848993402721,6.534848993402733,5.234848993402721,5.447348993402727,6.559848993402724,7.259848993402727,10.247348993402738,12.33484899340273
Jan 04 2023 05:30AM,PTC India Ltd,PTC,589962.6,26.92260877048383,58.57669959250984,83.85661248294883,-7.431612482948836,-8.069112482948839,-5.206612482948827,-5.044112482948833,-5.169112482948833,-3.294112482948833,-0.5566124829488359,2.443387517051164,1.6808875170511612,1.0308875170511698
Dec 01 2022 05:30AM,Petronet LNG Ltd,PETRONET,1347506.8,20.42652364378504,60.14599140086586,211.59491080912568,0.6675891908743381,0.13008919087431536,1.280089190874321,2.3550891908743097,5.005089190874344,4.817589190874287,3.9800891908743097,2.2550891908743154,3.0050891908743154,3.8675891908743267
Dec 01 2022 05:30AM,Atlanta Ltd,ATLANTA,29453.4,20.197925820389912,45.197892397228536,18.353321970426126,0.5091780295738744,0.6716780295738758,0.8216780295738708,0.7466780295738751,0.721678029573873,0.4966780295738751,0.33417802957387366,0.45917802957387366,0.24667802957387508,-0.028321970426127052
Dec 02 2022 05:30AM,Atlanta Ltd,ATLANTA,39589.4,18.923349039289974,47.351237999964084,18.607910985213064,0.4170890147869386,0.5670890147869336,0.4920890147869379,0.46708901478693576,0.2420890147869379,0.07958901478693647,0.20458901478693647,-0.007910985213062105,-0.28291098521306424,-0.8079109852130628
Nov 03 2022 05:30AM,Glenmark Pharmaceuticals Ltd,GLENMARK,1664984.4,10.382493555701995,69.1568167717436,411.8181539842344,9.41934601576554,11.519346015765564,10.23184601576554,10.76934601576562,7.744346015765586,3.9943460157655863,12.519346015765564,20.144346015765564,19.319346015765575,16.781846015765552
Nov 04 2022 05:30AM,Glenmark Pharmaceuticals Ltd,GLENMARK,1530324.0,11.160765280614328,71.04702504748629,416.5278269921172,6.809673007882793,5.52217300788277,6.05967300788285,3.034673007882816,-0.7153269921171841,7.809673007882793,15.434673007882793,14.609673007882805,12.072173007882782,3.5846730078827704
Dec 06 2022 05:30AM,Hathway Cable &amp; Datacom Ltd,HATHWAY,4748113.2,33.57325885555016,80.01945063630667,17.40793013141517,0.004569868584830772,-0.29543013141516994,-0.19543013141517207,-0.32043013141517207,-0.5329301314151706,-0.28293013141517065,0.9295698685848279,1.4045698685848294,1.1795698685848315,1.7170698685848294
Jan 04 2023 05:30AM,Hathway Cable &amp; Datacom Ltd,HATHWAY,2106676.6,26.493086386135662,54.7475183437205,17.50457715770251,-1.12957715770251,-1.06707715770251,-0.4795771577025114,-0.37957715770251,-0.3295771577025093,-0.14207715770250928,-0.042077157702511414,0.15792284229749143,-0.004577157702509993,-0.19207715770251
Dec 15 2022 05:30AM,Aditya Birla Sun Life AMC Ltd,ABSLAMC,117870.0,34.63448595858093,74.06732941035523,454.1106910018624,6.876808998137619,-2.898191001862415,4.351808998137585,7.076808998137608,3.726808998137585,-1.6481910018624149,-15.44819100186237,-16.06069100186238,-7.798191001862392,-3.9106910018624035
Jan 04 2023 05:30AM,Aditya Birla Sun Life AMC Ltd,ABSLAMC,35697.0,27.286319646034194,60.048760871313846,454.78673542425554,-16.124235424255517,-16.736735424255528,-8.47423542425554,-4.586735424255551,-5.986735424255528,-1.3492354242555393,-0.46173542425549385,2.2507645757444834,1.6007645757444493,-2.361735424255528
Dec 02 2022 05:30AM,GE Power India Ltd,GEPIL,471371.2,28.571760510047813,71.11739616970839,148.65232474675872,11.247675253241283,13.160175253241277,8.622675253241283,4.310175253241283,5.7226752532412775,3.5726752532412718,-0.02732474675872254,0.13517525324127178,0.3726752532412547,-2.539824746758711
Dec 05 2022 05:30AM,GE Power India Ltd,GEPIL,339484.6,31.296493825054704,76.27420800804275,154.27616237337935,7.53633762662065,2.998837626620656,-1.3136623733793442,0.0988376266206501,-2.0511623733793556,-5.65116237337935,-5.488662373379356,-5.251162373379373,-8.163662373379339,-10.176162373379356
Jan 04 2023 05:30AM,Tera Software Ltd,TERASOFT,22335.4,18.719743482341244,49.85780302499795,44.26057191672231,-3.2980719167223143,-2.74807191672231,-1.2855719167223114,-1.56057191672231,-1.4730719167223114,-0.035571916722311414,-0.11057191672230715,0.45192808327768574,0.20192808327769285,-0.44807191672231284
Nov 25 2022 05:30AM,HDFC Life Insurance Company Ltd,HDFCLIFE,4606776.0,15.087526974166325,67.41244765897024,550.83912848021,30.56087151979,35.62337151979,33.760871519790044,37.87337151979,43.42337151979007,40.83587151979009,39.01087151978993,37.98587151979007,35.085871519789976,27.110871519790066
Nov 28 2022 05:30AM,HDFC Life Insurance Company Ltd,HDFCLIFE,6128628.8,18.144888986187034,74.69771262257369,566.119564240105,20.342935759895,18.480435759895045,22.592935759895,28.142935759895067,25.55543575989509,23.73043575989493,22.705435759895067,19.805435759894976,11.830435759895067,12.392935759895067
Dec 07 2022 05:30AM,Sadbhav Engineering Ltd,SADBHAV,6741234.2,46.29187532134927,87.27857701095094,19.346442822225164,0.7535571777748373,0.8785571777748373,1.0785571777748366,-0.07144282222516551,-0.6589428222251641,-1.221442822225164,-1.6964428222251655,-2.1964428222251655,-2.721442822225164,-2.958942822225165
Dec 05 2022 05:30AM,ICICI Lombard General Insurance Company Ltd,ICICIGI,981310.6,26.90188012299996,77.85472510717943,1216.8572410748197,14.667758925180351,5.217758925180306,22.780258925180306,32.842758925180306,35.85525892518035,22.030258925180078,14.942758925180215,18.80525892518017,25.880258925180215,15.630258925180215
Dec 06 2022 05:30AM,ICICI Lombard General Insurance Company Ltd,ICICIGI,839484.4,29.61842351214637,75.87406299873267,1224.19112053741,-2.11612053740987,15.44637946259013,25.50887946259013,28.521379462590176,14.696379462589903,7.608879462590039,11.471379462589994,18.54637946259004,8.296379462590039,15.758879462589903
Dec 12 2022 05:30AM,Tantia Constructions Ltd,TANTIACONS,9930.0,15.91519541050063,69.40940443250958,14.16884659624317,0.26865340375682933,0.04365340375682791,-0.6688465962431707,-0.4563465962431703,-0.68134659624317,-0.9688465962431696,-1.6063465962431707,-1.86884659624317,-2.631346596243171,-3.0938465962431714
Nov 02 2022 05:30AM,GMR Infrastructure Ltd,GMRINFRA,9826063.4,25.95181512534897,64.27753246190522,37.222204415525596,0.07779558447440138,0.01529558447440138,0.5777955844744014,0.8652955844744099,0.8152955844744056,0.6152955844744028,1.0277955844744042,1.1527955844744042,0.4027955844744042,-0.5097044155255972
Dec 14 2022 05:30AM,ISMT Ltd,ISMTLTD,362360.6,27.521028516687434,62.6533002520575,54.31639985334658,-0.5288998533465872,-1.4788998533465758,-1.841399853346573,-1.1288998533465815,-0.3413998533465872,-2.0663998533465815,-4.27889985334658,-6.366399853346579,-4.853899853346576,-1.52889985334658
Dec 30 2022 05:30AM,ISMT Ltd,ISMTLTD,355689.2,23.097591585857565,57.8339441216533,53.88085422359701,-5.930854223597009,-4.418354223597007,-1.0933542235970108,1.031645776402982,0.8316457764029863,0.4816457764029849,1.731645776402985,2.3191457764029906,2.3441457764029963,2.1441457764029863
Dec 02 2022 05:30AM,UTI Asset Management Company Ltd,UTIAMC,744247.2,26.932325785462712,73.68864303549095,762.9283632049398,5.446636795060158,13.73413679506018,20.084136795060203,29.29663679506018,27.959136795060203,19.334136795060203,10.884136795060158,8.621636795060112,14.809136795060112,9.946636795060158
Jan 02 2023 05:30AM,20 Microns Ltd,20MICRONS,114867.4,29.7922861573573,47.84653339744356,90.18677655964733,-6.5117765596473305,-5.349276559647322,-2.174276559647325,-0.861776559647339,-0.2617765596473163,1.1257234403526724,1.8632234403526837,2.8757234403526724,2.4257234403526695,1.1882234403526724
Jan 05 2023 05:30AM,Precision Camshafts Ltd,PRECAM,623504.6,30.25923871903991,75.09857410418942,112.63460375885671,-18.384603758856713,-18.922103758856707,-15.322103758856713,-13.684603758856696,-13.884603758856713,-13.172103758856707,-12.384603758856713,-3.8346037588567157,8.465396241143281,4.6028962411432985
Nov 29 2022 05:30AM,PPAP Automotive Ltd,PPAP,21932.8,20.94490543083683,56.861262767150166,206.2096180920972,6.9403819079027755,8.315381907902804,10.552881907902787,10.790381907902798,9.852881907902798,15.752881907902804,35.502881907902804,43.9778819079028,51.2278819079028,51.6653819079028
Nov 30 2022 05:30AM,PPAP Automotive Ltd,PPAP,23672.2,20.730498027284764,61.11168662716199,209.6798090460486,4.845190953951402,7.082690953951385,7.320190953951396,6.382690953951396,12.282690953951402,32.0326909539514,40.507690953951396,47.757690953951396,48.195190953951396,49.05769095395141
Dec 30 2022 05:30AM,Indowind Energy Ltd,INDOWIND,226417.2,15.451748401947867,62.77947461706839,15.228769185868712,0.3962308141312878,-0.5912691858687129,-1.4912691858687115,-1.6537691858687111,-0.8412691858687129,-0.09126918586871291,0.5712308141312885,1.4587308141312878,2.1712308141312864,3.1212308141312857
Nov 30 2022 05:30AM,Allsec Technologies Ltd,ALLSEC,15153.0,22.736354061173593,54.61077403724598,497.8297023790227,10.470297620977306,8.982797620977294,1.1577976209773055,-1.4922023790227286,-8.892202379022706,-10.417202379022683,-6.429702379022729,-10.554702379022729,-2.79220237902274,-0.04220237902268309
Dec 01 2022 05:30AM,Allsec Technologies Ltd,ALLSEC,15904.2,21.837456292263614,57.28999541758418,503.0648511895114,3.747648810488613,-4.077351189511376,-6.72735118951141,-14.127351189511387,-15.652351189511364,-11.66485118951141,-15.78985118951141,-8.027351189511421,-5.277351189511364,-7.302351189511398
Dec 06 2022 05:30AM,Firstsource Solutions Ltd,FSL,2777688.0,24.63536420225174,68.79850805690354,112.859897375963,-0.4723973759630127,-1.3723973759630042,-2.0473973759630013,-4.009897375963007,-6.7223973759629985,-5.734897375963001,-4.559897375963004,-5.659897375963013,-6.922397375963001,-8.009897375963007
Nov 16 2022 05:30AM,Coforge Ltd,COFORGE,292244.2,24.207078887972333,67.48806527354223,3929.20486109426,40.90763890573999,-29.86736109426056,-82.60486109426029,-166.77986109426,-138.52986109426,-76.3673610942601,-9.192361094260377,26.70763890574017,23.132638905739896,45.570138905739896
Nov 28 2022 05:30AM,Coforge Ltd,COFORGE,172810.2,19.384089203797355,60.807639001449296,3915.4804389105248,36.85706108947534,59.29456108947534,95.35706108947488,199.21956108947597,271.4195610894749,308.9945610894756,196.9820610894758,115.64456108947525,93.75706108947543,34.16956108947488
Dec 07 2022 05:30AM,Puravankara Ltd,PURVA,1344790.8,27.77710492429691,79.1536830977986,100.72934895892126,4.408151041078739,5.458151041078722,7.258151041078733,6.170651041078742,7.220651041078725,0.8206510410787331,2.7456510410787303,2.908151041078739,2.520651041078736,0.7581510410787473
Dec 05 2022 05:30AM,Ashoka Buildcon Ltd,ASHOKA,2113830.4,29.641446945562905,76.38321356158905,80.28804761774904,1.5369523822509592,0.32445238225096773,2.111952382250962,4.036952382250945,2.9494523822509535,1.3994523822509564,3.0744523822509535,4.5744523822509535,3.974452382250959,2.2744523822509564
Dec 06 2022 05:30AM,Ashoka Buildcon Ltd,ASHOKA,1981401.2,31.322825763687405,77.12498332414665,81.05652380887452,-0.44402380887450477,1.3434761911254895,3.2684761911254725,2.180976191125481,0.6309761911254839,2.305976191125481,3.805976191125481,3.2059761911254867,1.5059761911254839,2.980976191125478
Dec 12 2022 05:30AM,Vivimed Labs Ltd,VIVIMEDLAB,180804.0,29.288879937939182,84.21936428249357,12.27365713139076,0.9388428686092407,1.063842868609239,0.9013428686092411,0.36384286860923964,0.20134286860924,-0.18615713139076107,-0.7486571313907593,-1.0861571313907596,-1.373657131390761,-1.2986571313907582
Dec 30 2022 05:30AM,Autoline Industries Ltd,AUTOIND,46583.6,46.175019177071185,34.32105119237158,75.6337497605625,-4.883749760562495,-4.6587497605625,-0.38374976056249466,0.5287502394374997,0.641250239437511,2.5287502394374997,3.628750239437508,3.6787502394375053,2.2412502394375053,1.328750239437511
Jan 02 2023 05:30AM,Autoline Industries Ltd,AUTOIND,42557.0,44.40316362430421,40.05058080131635,76.89812488028124,-6.1481248802812445,-5.92312488028125,-1.6481248802812445,-0.7356248802812502,-0.6231248802812388,1.2643751197187498,2.3643751197187584,2.4143751197187555,0.9768751197187555,0.0643751197187612
Dec 12 2022 05:30AM,AMD Industries Ltd,AMDIND,72954.2,40.2634923661501,50.554015589407975,57.30074008516845,2.724259914831549,1.986759914831552,5.886759914831551,8.724259914831556,6.686759914831548,5.236759914831559,2.724259914831549,0.31175991483154775,-2.713240085168451,-4.675740085168449
Dec 13 2022 05:30AM,AMD Industries Ltd,AMDIND,82828.2,37.465206459178354,50.91441427514294,58.662870042584224,0.6246299574157774,4.524629957415776,7.362129957415782,5.324629957415773,3.8746299574157845,1.3621299574157746,-1.0503700425842268,-4.075370042584225,-6.037870042584224,-6.36287004258422
Jan 02 2023 05:30AM,AMD Industries Ltd,AMDIND,48146.8,21.46202037278586,53.35143424393092,58.74326937073013,-6.1182693707301326,-6.443269370730128,-4.205769370730131,-1.5057693707301354,-0.1932693707301354,1.6442306292698632,0.13173062926986745,0.15673062926986603,-0.8182693707301354,-1.8932693707301311
Nov 28 2022 05:30AM,MBL Infrastructures Ltd,MBLINFRA,247162.0,38.60074389328166,72.13834735126238,22.13551316112914,0.3644868388708602,-0.2980131611291412,-0.42301316112913767,0.3269868388708588,0.5144868388708623,1.0019868388708595,0.7269868388708574,0.41448683887085735,0.18948683887086304,-0.11051316112913767
Nov 29 2022 05:30AM,MBL Infrastructures Ltd,MBLINFRA,254639.0,41.179309259012356,70.0662139917474,22.31775658056457,-0.4802565805645713,-0.6052565805645678,0.14474341943542868,0.33224341943543223,0.8197434194354294,0.5447434194354273,0.23224341943542726,0.007243419435432941,-0.29275658056456777,-0.05525658056456706
Nov 02 2022 05:30AM,Sun Pharma Advanced Research Company Ltd,SPARC,1241217.0,29.7348745300842,74.95981045878139,253.0047157982895,0.07028420171050698,-5.717215798289487,0.8327842017104956,4.320284201710535,0.9077842017104842,-5.742215798289493,-6.304715798289493,-7.854715798289504,-6.292215798289533,-5.954715798289499
Dec 05 2022 05:30AM,Tarmat Ltd,TARMAT,191598.0,24.776746610422126,65.1225424574494,55.880155978750025,-1.5176559787500281,-2.280155978750024,-1.0551559787500295,-0.4301559787500224,0.1448440212499733,0.44484402124997047,0.09484402124997615,-0.6176559787500224,-1.1176559787500224,-1.0301559787500238
Jan 02 2023 05:30AM,Tarmat Ltd,TARMAT,23906.0,23.198937261497118,54.13711010757984,54.70380090966795,-4.241300909667949,-5.0038009096679446,-1.603800909667946,-0.06630090966795166,0.1086990903320526,0.5961990903320569,0.033699090332049764,-0.16630090966794597,-0.6788009096679488,-1.0163009096679474
Dec 06 2022 05:30AM,Network 18 Media &amp; Investments Ltd,NETWORK18,5449269.0,26.953630735698418,80.49863090989984,73.20141237160402,1.1735876283959783,-0.4764123716040274,-0.43891237160401886,0.1735876283959783,-0.7764123716040245,-0.6014123716040274,1.3485876283959897,1.3610876283959783,-0.5139123716040217,-1.5889123716040245
Dec 02 2022 05:30AM,Somi Conveyor Beltings Ltd,SOMICONVEY,3563.4,27.161122951342993,51.61935802967579,40.14943398439044,1.1880660156095644,2.0380660156095587,1.4880660156095615,4.500566015609557,6.275566015609556,6.950566015609553,4.6755660156095615,3.388066015609553,3.38806601560956,4.963066015609556
Nov 22 2022 05:30AM,PTC India Financial Services Ltd,PFS,571658.0,27.29707809209115,73.6559588475221,15.62752277253826,0.8849772274617429,0.5974772274617415,0.6849772274617401,0.7099772274617386,1.1349772274617393,1.509977227461743,1.62247722746174,1.74747722746174,1.62247722746174,2.1474772274617386
Nov 30 2022 05:30AM,KNR Constructions Ltd,KNRCON,213822.4,32.402421188878236,74.01045920090648,256.29920882116943,4.963291178830616,2.100791178830548,0.713291178830616,4.475791178830548,6.413291178830548,4.163291178830548,10.625791178830582,12.238291178830593,8.225791178830548,11.77579117883056
Nov 14 2022 05:30AM,SEPC Ltd,SEPC,809735.4,22.760793943279037,62.74134895797361,8.471871983620488,0.05312801637951026,-0.08437198362048903,-0.3093719836204869,-0.4093719836204883,-0.39687198362048903,-0.44687198362048797,-0.6593719836204883,-0.4843719836204885,-0.45937198362048726,-0.4093719836204883
Dec 22 2022 05:30AM,LGB Forge Ltd,LGBFORGE,453980.2,22.787690689746942,77.48531691706965,10.774636553392671,0.0753634466073283,-0.5246365533926713,-0.7871365533926706,-0.374636553392671,-0.187136553392671,0.46286344660732937,0.8628634466073279,1.675363446607328,2.2753634466073294,1.9003634466073276
Dec 06 2022 05:30AM,Prince Pipes &amp; Fittings Ltd,PRINCEPIPE,443436.4,34.007455992849565,72.11006294217121,592.2659551687636,34.00904483123634,31.009044831236338,24.159044831236315,26.184044831236406,19.596544831236315,28.409044831236315,27.746544831236406,28.684044831236406,29.784044831236315,28.42154483123636
Dec 07 2022 05:30AM,Prince Pipes &amp; Fittings Ltd,PRINCEPIPE,555496.4,34.578389420456396,74.9301524275002,609.2704775843818,14.004522415618226,7.154522415618203,9.179522415618294,2.592022415618203,11.404522415618203,10.742022415618294,11.679522415618294,12.779522415618203,11.417022415618248,-1.0829775843817515
Dec 08 2022 05:30AM,Prince Pipes &amp; Fittings Ltd,PRINCEPIPE,604847.4,35.10854188894845,73.0105533358958,616.2727387921909,0.1522612078090333,2.1772612078091242,-4.410238792190967,4.402261207809033,3.7397612078091242,4.677261207809124,5.777261207809033,4.414761207809079,-8.085238792190921,-24.9852387921909
Dec 05 2022 05:30AM,Excel Realty N Infra Ltd,EXCEL,62449067.8,37.245463104992254,69.16136769056872,0.48939246549082965,0.09810753450917037,0.1481075345091703,0.16060753450917037,0.06060753450917039,0.07310753450917035,0.07310753450917035,0.06060753450917039,0.06060753450917039,0.06060753450917039,0.03560753450917037
Dec 06 2022 05:30AM,Excel Realty N Infra Ltd,EXCEL,75738242.6,37.298070995002305,73.02826578877448,0.5384462327454148,0.09905376725458515,0.11155376725458521,0.011553767254585234,0.02405376725458519,0.02405376725458519,0.011553767254585234,0.011553767254585234,0.011553767254585234,-0.013446232745414788,-0.0009462327454147212
Nov 25 2022 05:30AM,Interglobe Aviation Ltd,INDIGO,1218747.6,28.021512544659807,69.29919500186507,1871.8763356065265,29.598664393473427,50.098664393473655,47.46116439347361,45.04866439347347,74.82366439347334,57.72366439347343,46.81116439347352,58.66116439347343,95.02366439347361,125.72366439347343
Dec 01 2022 05:30AM,MEP Infrastructure Developers Ltd,MEP,1028485.8,23.60919340639779,74.30129681892915,18.78075882459553,1.2442411754044684,1.206741175404467,1.4442411754044713,1.2442411754044684,0.2567411754044713,0.34424117540446986,0.7567411754044713,0.1067411754044727,0.03174117540446986,1.3692411754044684
Dec 02 2022 05:30AM,MEP Infrastructure Developers Ltd,MEP,1108573.2,25.479042588378167,76.23256458221917,19.402879412297764,0.5846205877022328,0.8221205877022371,0.6221205877022342,-0.36537941229776294,-0.27787941229776436,0.13462058770223706,-0.5153794122977615,-0.5903794122977644,0.7471205877022342,1.134620587702237
Nov 29 2022 05:30AM,MTAR Technologies Ltd,MTARTECH,85024.2,16.97591484073963,55.617252593668944,1590.6524471454466,20.335052854553624,7.347552854553442,10.997552854553305,82.98505285455349,182.84755285455344,149.82255285455335,137.42255285455326,137.68505285455353,111.42255285455349,107.41005285455321
Nov 25 2022 05:30AM,S P Apparels Ltd,SPAL,21747.2,30.325889468146958,55.270920224944255,389.0370910450995,4.825408954900524,12.137908954900468,5.525408954900513,4.2879089549005585,4.80040895490049,7.675408954900547,8.23790895490049,5.825408954900524,3.1129089549004902,0.18790895490053572
Nov 10 2022 05:30AM,AU Small Finance Bank Ltd,AUBANK,1611034.8,17.792682854865244,60.62299607179982,623.2466105992945,9.515889400705532,10.378389400705487,7.890889400705532,12.16588940070551,4.678389400705441,-8.246610599294513,-10.571610599294559,-8.684110599294513,-6.409110599294536,-1.4841105992944676
Dec 05 2022 05:30AM,Den Networks Ltd,DEN,1639137.8,41.24857606743575,74.44130149456075,36.52929833950064,0.40820166049935835,-0.3667983395006402,-0.9292983395006402,-0.7417983395006473,-1.2167983395006416,-1.7292983395006445,-1.2292983395006374,0.3832016604993598,2.245701660499357,2.3332016604993555
Jan 02 2023 05:30AM,BF Investment Ltd,BFINVEST,19567.6,18.603744441618222,54.10124557769569,283.7535403184807,-15.178540318480657,-15.678540318480714,-7.541040318480725,-5.34104031848068,-2.641040318480691,5.03395968151932,66.7464596815193,128.20895968151927,152.39645968151927,128.7964596815193
Jan 03 2023 05:30AM,BF Investment Ltd,BFINVEST,33500.2,21.15014575501772,80.40295862573934,317.1267701592403,-48.55177015924028,-49.051770159240334,-40.914270159240345,-38.7142701592403,-36.01427015924031,-28.3392701592403,33.37322984075968,94.83572984075965,119.02322984075965,95.42322984075969
Dec 07 2022 05:30AM,Macrotech Developers Ltd,LODHA,555078.0,20.938081306061225,64.30538335613625,1053.2252707151201,3.924729284879959,35.02472928487987,20.374729284880004,11.012229284879822,-1.8252707151200411,-14.850270715120132,-7.962770715120087,-16.525270715120087,-17.275270715120314,-19.362770715120178
Jan 02 2023 05:30AM,RPP Infra Projects Ltd,RPPINFRA,81512.6,26.5172085130678,56.38542952338471,39.82484304459436,-3.0373430445943583,-2.1373430445943598,-1.1123430445943612,-0.36234304459435407,-0.3123430445943569,0.6001569554056374,1.2126569554056346,1.7376569554056402,3.187656955405636,3.887656955405646
Nov 25 2022 05:30AM,Eros International Media Ltd,EROSMEDIA,336954.4,30.71003081205483,52.31285157963601,29.621151448193366,2.6538485518066324,2.2038485518066366,1.3163485518066338,0.7913485518066352,0.4163485518066352,-0.046151448193363365,-0.10865144819336692,0.21634855180663237,-0.008651448193365496,-0.3086514481933662
Nov 14 2022 05:30AM,Reliance Home Finance Ltd,RHFL,1064972.6,16.9372002796913,58.31304809053014,3.96631771154886,-0.0413177115488601,-0.12881771154885957,-0.09131771154885948,-0.07881771154885975,-0.17881771154885984,-0.2288177115488601,-0.2788177115488599,-0.31631771154886,-0.35381771154885966,-0.2913177115488601
Nov 11 2022 05:30AM,Invesco India Gold ETF,IVZINGOLD,45.2,20.81790542526166,59.86044251792565,4588.102587494159,78.5849125058412,104.13491250584138,108.42241250584084,113.68491250584157,136.34741250584102,147.65991250584193,108.92241250584175,95.85991250584084,89.05991250584157,96.53491250584102
Jan 04 2023 05:30AM,Karma Energy Ltd,KARMAENG,4304.2,18.19625066007338,58.480856664263236,27.97626944159174,-2.6137694415917387,-2.7262694415917395,-2.7262694415917395,-2.96376944159174,-2.1137694415917387,-1.3637694415917423,0.011230558408257707,0.9362305584082584,1.5362305584082634,1.2237305584082634
Jan 05 2023 05:30AM,Karma Energy Ltd,KARMAENG,5469.6,18.768585993778004,61.444325485517815,28.74438472079587,-3.3818847207958704,-3.494384720795871,-3.494384720795871,-3.731884720795872,-2.8818847207958704,-2.131884720795874,-0.756884720795874,0.16811527920412672,0.7681152792041317,0.4556152792041317
Nov 16 2022 05:30AM,Future Market Networks Ltd,FMNL,137659.6,19.7600628282777,78.71353033100814,5.878181689636141,0.4718183103638598,-0.05318168963614056,-0.3531816896361404,-0.5906816896361411,-0.7656816896361409,-0.7531816896361407,-0.6031816896361404,-0.4531816896361409,-0.5031816896361407,-0.5281816896361411
Nov 17 2022 05:30AM,Future Market Networks Ltd,FMNL,279919.2,22.785764362842777,78.71353033100814,6.114090844818071,-0.28909084481807046,-0.5890908448180703,-0.826590844818071,-1.0015908448180708,-0.9890908448180706,-0.8390908448180703,-0.6890908448180708,-0.7390908448180706,-0.764090844818071,-0.7265908448180705
Dec 20 2022 05:30AM,Thomas Scott India Ltd,THOMASCOTT,2640.0,23.08639792145835,76.05879154440252,43.64161806564099,2.8333819343590108,3.1583819343590065,0.695881934359015,-1.4666180656409935,-3.0916180656409935,-0.8791180656409878,1.258381934359008,1.508381934359008,0.45838193435901076,1.5833819343590108
Dec 19 2022 05:30AM,Nagarjuna Fertilizers &amp; Chemicals Ltd,NAGAFERT,591865.8,36.70382385570632,82.19441817139865,10.435299769500988,-1.5102997695009872,-1.3477997695009858,-1.310299769500988,-1.122799769500988,-0.5477997695009886,-0.035299769500987566,0.46470023049901243,0.864700230499011,1.5147002304990114,0.9647002304990124
Dec 01 2022 05:30AM,Sanco Industries Ltd,SANCO,53774.8,25.651043468314136,78.87094504010074,10.110172494170584,-0.985172494170584,-0.6601724941705847,-0.16017249417058466,0.5398275058294164,1.0398275058294164,1.5898275058294153,2.139827505829416,1.5398275058294164,0.9898275058294157,0.43982750582941676
Dec 02 2022 05:30AM,Sanco Industries Ltd,SANCO,44574.8,26.873521294309395,82.32839722327311,10.630086247085291,-1.5050862470852913,-1.180086247085292,-0.680086247085292,0.019913752914709093,0.5199137529147091,1.069913752914708,1.6199137529147087,1.019913752914709,0.4699137529147084,-0.08008624708529055
Nov 11 2022 05:30AM,Setubandhan Infrastructure Ltd,SETUINFRA,550170.6,32.652913068794255,82.81733066071615,2.4920289140871033,0.10797108591289684,-0.09202891408710334,-0.19202891408710343,-0.26702891408710316,-0.39202891408710316,-0.4045289140871029,-0.46702891408710334,-0.5295289140871033,-0.49202891408710325,-0.6045289140871035
Nov 14 2022 05:30AM,Setubandhan Infrastructure Ltd,SETUINFRA,815240.4,34.95855108358724,82.81733066071615,2.546014457043552,-0.14601445704355198,-0.24601445704355207,-0.3210144570435518,-0.4460144570435518,-0.45851445704355154,-0.521014457043552,-0.583514457043552,-0.5460144570435519,-0.6585144570435522,-0.7210144570435519
Nov 14 2022 05:30AM,Indo Thai Securities Ltd,INDOTHAI,21162.8,48.29038961499815,91.34148598524858,248.64304927429356,15.881950725706417,28.006950725706474,38.04445072570644,55.58195072570646,63.506950725706474,50.06945072570642,36.93195072570643,25.506950725706417,35.98195072570644,45.60695072570644
Nov 15 2022 05:30AM,Indo Thai Securities Ltd,INDOTHAI,24468.8,50.805718573739206,92.19510355948672,256.58402463714674,20.065975362853294,30.10347536285326,47.64097536285328,55.565975362853294,42.12847536285324,28.99097536285325,17.565975362853237,28.04097536285326,37.66597536285326,41.95347536285328
Nov 11 2022 05:30AM,IDBI Gold ETF,IDBIGOLD,80.2,11.297001310428088,60.0882148212934,4690.798672690985,73.47632730901569,142.3638273090155,132.0638273090144,160.12632730901532,146.5013273090144,131.45132730901514,127.01382730901514,111.75132730901532,84.32632730901514,112.18882730901441
Dec 06 2022 05:30AM,Dodla Dairy Ltd,DODLA,20602.6,14.581346228352709,60.72516623751512,495.8187741770774,15.106225822922625,13.83122582292259,10.506225822922602,4.843725822922636,-1.7562741770773869,3.156225822922636,-0.7312741770773528,-1.9312741770773982,11.631225822922602,10.131225822922602
Nov 02 2022 05:30AM,NRB Industrial Bearings Ltd,NIBL,12022.4,24.134724160754697,56.01386653002742,22.805229560101154,-0.6052295601011508,-0.8927295601011522,-0.6802295601011537,-0.5677295601011494,-0.9427295601011529,-0.8677295601011537,-1.155229560101155,-0.6927295601011529,-0.21772956010115152,0.20727043989884564
Dec 30 2022 05:30AM,Zuari Agro Chemicals Ltd,ZUARI,314950.0,18.536160883105595,54.97664141677922,159.40089131543476,-13.60089131543478,-14.988391315434768,-8.213391315434762,-2.013391315434774,5.836608684565249,6.536608684565238,4.274108684565249,4.524108684565249,5.811608684565272,2.8741086845652433
Jan 02 2023 05:30AM,Zuari Agro Chemicals Ltd,ZUARI,336636.8,18.916774594379692,55.63248297801311,162.66919565771738,-16.8691956577174,-18.256695657717387,-11.481695657717381,-5.281695657717393,2.56830434228263,3.268304342282619,1.0058043422826302,1.2558043422826302,2.543304342282653,-0.3941956577173755
Nov 04 2022 05:30AM,PDS Ltd,PDSL,93516.8,19.00170696838156,71.7119586067671,322.3311529150868,26.206347084913205,24.93134708491317,36.41884708491318,31.44384708491316,33.06884708491316,29.86884708491317,28.893847084913148,25.443847084913216,23.643847084913205,22.193847084913216
Dec 30 2022 05:30AM,Dhunseri Tea &amp; Industries Ltd,DTIL,6434.0,36.4842577867117,52.86656090329357,227.59217126493778,-12.12967126493777,-9.429671264937781,-4.217171264937775,-0.7296712649377639,3.2953287350622134,3.520328735062236,4.232828735062213,4.782828735062225,4.632828735062219,0.9953287350622304
Nov 25 2022 05:30AM,Gulf Oil Lubricants India Ltd,GULFOILLUB,56579.2,25.80723777534613,67.19127720232848,437.7324575560341,2.680042443965931,5.592542443965954,7.6675424439658855,12.705042443965851,17.592542443965897,17.092542443965897,24.68004244396593,22.542542443965885,17.105042443965942,17.855042443965942
Nov 11 2022 05:30AM,Suryoday Small Finance Bank Ltd,SURYODAY,599362.8,21.568321152158457,71.45137938306118,105.77022409538107,0.9047759046189299,-2.170224095381073,-4.457724095381067,-3.9952240953810616,-4.532724095381056,-5.095224095381056,-4.782724095381056,-4.09522409538107,-4.7577240953810644,-4.520224095381067
Nov 14 2022 05:30AM,Coffee Day Enterprises Ltd,COFFEEDAY,2599586.2,19.091832352171032,61.12708199162312,52.23319721576761,0.2168027842323923,-0.8581972157676034,-1.8831972157676162,-3.133197215767609,-3.8831972157676162,-4.195697215767609,-4.270697215767612,-4.995697215767613,-2.445697215767609,0.30430278423238377
Dec 30 2022 05:30AM,Monte Carlo Fashions Ltd,MONTECARLO,65112.2,25.92550626153497,52.57478956642701,689.965919820999,-65.52841982099903,-61.128419820999056,-31.11591982099901,-1.9534198209989881,21.33408017900092,11.82158017900099,18.284080179000966,25.409080179000966,16.471580179000966,6.896580179000921
Nov 02 2022 05:30AM,Indiamart Intermesh Ltd,INDIAMART,95519.2,16.38016329132191,62.46063374036953,4579.932233270728,48.105266729272444,77.16776672927244,134.6427667292719,173.3302667292719,223.53026672927172,213.93026672927135,247.05526672927226,113.95526672927281,102.3302667292719,123.93026672927135
Nov 16 2022 05:30AM,Happiest Minds Technologies Ltd,HAPPSTMNDS,293532.4,20.260448727736797,53.976159429644774,994.8068568467684,-33.519356846768346,-15.669356846768324,-22.70685684676846,-29.09435684676839,-28.631856846768414,-30.80685684676837,-46.43185684676837,-47.86935684676837,-44.41935684676844,-47.03185684676839
Nov 04 2022 05:30AM,Geekay Wires Ltd,GEEKAYWIRE,357895.8,32.6132457856106,71.45949357671533,69.30235513857583,12.385144861424166,10.260144861424166,10.497644861424163,8.260144861424166,7.272644861424155,8.997644861424163,8.072644861424166,7.185144861424163,6.847644861424172,5.710144861424169
Nov 07 2022 05:30AM,Geekay Wires Ltd,GEEKAYWIRE,454270.8,34.525819037353486,76.71500954824883,75.49492756928791,4.06757243071209,4.305072430712087,2.06757243071209,1.0800724307120788,2.8050724307120873,1.8800724307120902,0.9925724307120873,0.6550724307120959,-0.482427569287907,0.5925724307120817
Nov 07 2022 05:30AM,Univastu India Ltd,UNIVASTU,92834.2,24.355872148237914,60.46588104950031,78.87920284625156,-0.5042028462515589,0.12079715374844113,0.7957971537484383,0.8332971537484468,0.5582971537484411,-1.1667028462515532,-1.5917028462515646,-2.4042028462515646,-2.679202846251556,-4.5292028462515646
Nov 29 2022 05:30AM,IFGL Refractories Ltd,IFGLEXPOR,32920.4,32.20855688262239,80.83539535773377,272.9672194700098,2.0577805299901684,-0.4047194700098089,-0.16721947000979753,-3.779719470009809,-2.154719470009809,-0.9422194700098316,-4.892219470009763,-7.067219470009832,-10.854719470009854,-17.89221947000982
Dec 09 2022 05:30AM,Mittal Life Style Ltd,MITTAL,74956.8,30.539917076723878,80.70434418296716,12.887437899115007,0.6625621008849922,-0.1374378991150067,-0.3749378991150074,-0.29993789911500635,-0.16243789911500706,-0.212437899115006,-0.31243789911500564,-0.5499378991150046,-0.5749378991150049,-1.099937899115007
Jan 06 2023 05:30AM,Kapston Services Ltd,KAPSTON,83092.6,34.34903869293783,89.5726939433278,160.2805907362076,-44.393090736207625,-45.218090736207614,-45.31809073620761,-45.38059073620761,-43.843090736207614,-42.218090736207614,-38.51809073620761,-30.343090736207614,-9.105590736207603,22.369409263792363
Nov 28 2022 05:30AM,DSP BlackRock Liquid ETF,LIQUIDETF,44260.8,28.032412044968936,61.709543439649636,1001.093539312066,-1.0985393120661229,-1.0935393120660137,-1.0935393120660137,-1.0910393120659592,-1.0935393120660137,-1.0960393120660683,-1.0910393120659592,-1.0935393120660137,-1.0960393120660683,-1.0960393120660683
Dec 01 2022 05:30AM,Ami Organics Ltd,AMIORG,267792.8,19.21715691100216,67.21065731095467,968.829574209824,18.357925790175955,21.22042579017591,23.632925790176046,10.120425790176,4.720425790175909,1.9204257901759547,-28.77957420982409,-19.579574209824045,-12.079574209824045,-10.692074209824113
Nov 07 2022 05:30AM,Aarti Surfactants Ltd,AARTISURF,32956.0,24.167115579355205,57.25828623049939,788.1613076220988,-23.473807622098775,-45.473807622098775,-51.17380762209882,-50.52380762209884,-52.56130762209864,-55.46130762209873,-54.83630762209873,-63.5738076220988,-67.39880762209873,-80.14880762209873
Dec 07 2022 05:30AM,Prakash Pipes Ltd,PPL,78697.8,15.401826608520095,67.76685825227773,170.17015937424583,2.10484062575415,0.3298406257541444,0.6298406257541558,-1.2451593742458158,-1.64515937424585,-1.6326593742458329,-2.2076593742458215,-3.795159374245827,-6.5326593742458385,-8.507659374245804
Dec 15 2022 05:30AM,Hitachi Energy India Ltd,POWERINDIA,68825.6,43.70940406154704,74.49782635927133,3265.4981675516556,115.98933244834461,106.07683244834425,102.41433244834434,130.4768324483448,123.75183244834443,120.8518324483448,18.076832448344703,-1.9231675516557516,31.20183244834425,66.0393324483448
Dec 16 2022 05:30AM,Hitachi Energy India Ltd,POWERINDIA,72318.4,44.47593476344656,77.61064762743432,3323.492833775828,48.08216622417194,44.41966622417203,72.48216622417249,65.75716622417212,62.85716622417249,-39.9178337758276,-59.91783377582806,-26.792833775828058,8.044666224172488,-21.492833775827876
Nov 30 2022 05:30AM,Nippon India ETF Nifty IT,ITBEES,4928682.4,57.51638695155834,63.76595728510972,31.500863564027497,0.109136435972502,0.5541364359725023,0.9316364359725071,0.7741364359725011,0.4291364359725023,0.10413643597250655,0.14913643597250115,-0.5183635640274957,-1.1008635640274989,-1.020863564027497
Nov 29 2022 05:30AM,Axis Nifty IT ETF,AXISTECETF,3131.0,51.12107451018857,66.25270114907804,311.8727318901455,2.7522681098545263,3.0447681098545445,8.33226810985451,10.62226810985453,8.972268109854554,3.077268109854515,1.5897681098545036,0.44476810985452175,-5.730231890145433,-4.7677318901454555
Nov 28 2022 05:30AM,Fino Payments Bank Ltd,FINOPB,3990375.2,25.53712663814992,78.77113712180235,244.59619365027325,1.828806349726733,-1.1086936502732385,0.7038063497267615,-1.6086936502732385,-2.97119365027325,-2.8711936502732556,-6.896193650273261,-10.196193650273244,-10.446193650273273,-12.833693650273261
Dec 06 2022 05:30AM,Mirae Asset Hang Seng TECH ETF,MAHKTECH,1058421.4,32.82080785312559,69.63148126024471,13.777503897671771,0.7374961023282296,0.6874961023282289,0.9299961023282286,1.2824961023282295,1.0199961023282302,1.087496102328231,1.7949961023282288,0.8649961023282291,0.909996102328229,0.829996102328229
Dec 07 2022 05:30AM,Mirae Asset Hang Seng TECH ETF,MAHKTECH,895036.6,33.49503696269464,71.61504436677856,14.146251948835886,0.3187480511641141,0.5612480511641138,0.9137480511641147,0.6512480511641154,0.7187480511641162,1.426248051164114,0.4962480511641143,0.5412480511641142,0.46124805116411416,0.061248051164113804
