Jan 02 2023 05:30AM,Balkrishna Industries Ltd,BALKRISIND,173028.2,30.032746733804434,62.29006469447991,2109.265324698288,-9.75282469828835,-24.75282469828835,-14.152824698287986,-16.865324698288077,-21.25282469828835,17.472175301712014,17.29717530171183,15.097175301711559,11.62217530171165,57.784675301712014
Dec 19 2022 05:30AM,Bombay Burmah Trading Corporation Ltd,BBTC,62441.0,33.87202408650824,55.185804691974184,981.8442799856349,4.493220014365193,3.555720014365079,-17.669279985634944,-43.5317799856349,-73.00677998563481,-76.39427998563485,-65.48177998563494,-66.16927998563483,-72.70677998563497,-71.75677998563492
Dec 07 2022 05:30AM,Abbott India Ltd,ABBOTINDIA,10045.8,45.331722457612045,62.85924992493228,20181.00942618234,54.84057381765888,154.7030738176618,290.7780738176589,281.2780738176589,493.9780738176596,566.8155738176574,399.4155738176596,442.6030738176596,573.2030738176618,675.8405738176589
Dec 23 2022 05:30AM,Dalmia Bharat Sugar &amp; Industries Ltd,DALMIASUG,998565.2,39.549988249685256,58.37144816516721,388.09280625571427,-20.83030625571422,-22.617806255714243,-0.5428062557143107,-11.60530625571431,-6.067806255714231,-3.6053062557143107,-1.1553062557142653,3.66969374428578,-5.5553062557142425,-12.155306255714265
Dec 06 2022 05:30AM,Hindustan Motors Ltd,HINDMOTORS,1848367.4,44.35586951657827,67.37926514537688,20.433422975644746,-0.29592297564474634,-0.7084229756447478,-1.033422975644747,-1.0834229756447478,-1.4584229756447442,-1.595922975644747,-1.9209229756447463,-2.3709229756447456,-2.333422975644744,-1.908422975644747
Dec 08 2022 05:30AM,Bajaj Hindusthan Sugar Ltd,BAJAJHIND,74920100.8,42.663469830568864,88.1596017600617,15.713282390674992,-0.438282390674992,-0.20078239067499304,-0.13828239067499304,-0.43828239067499375,-0.33828239067499233,0.07421760932500732,0.6617176093250077,2.9617176093250084,3.0992176093250077,3.0117176093250055
Dec 06 2022 05:30AM,GOCL Corporation Ltd,GOCLCORP,51239.4,52.935851835046165,66.55823429026466,343.12076620178493,6.316733798215068,10.616733798215023,9.154233798215046,17.204233798215114,19.641733798215114,17.654233798215046,8.379233798215068,0.6292337982150684,-0.19576620178497706,34.07923379821506
Dec 12 2022 05:30AM,Kalyani Steels Ltd,KSL,183783.6,51.17077301727313,72.87345933219653,359.1983705393744,-2.6233705393743776,7.289129460625645,11.864129460625577,8.451629460625554,1.6266294606256224,1.2891294606255883,-1.323370539374423,10.551629460625577,9.164129460625588,-17.498370539374434
Jan 02 2023 05:30AM,Bosch Ltd,BOSCHLTD,22049.2,26.475840638070615,52.205525067672156,17196.5235156801,-204.1610156800998,-188.57351568009835,-10.536015680099808,62.40148431990019,-61.59851568009981,27.188984319898736,39.85148431990092,-21.84851568009981,-215.32351568009835,-258.3985156800991
Jan 02 2023 05:30AM,Mukand Ltd,MUKANDLTD,491233.0,40.28536415059212,72.76838049408163,133.7165014871103,-19.041501487110295,-21.341501487110293,-12.129001487110301,-2.9665014871102926,1.7459985128896847,3.6959985128897017,3.1459985128897188,-1.2165014871102926,-3.3040014871102983,-1.379001487110287
Dec 14 2022 05:30AM,Reliance Industries Ltd,RELIANCE,4309307.8,29.44367358665476,50.14849129413362,2622.1843895984593,3.5906104015407436,-30.471889598459256,-43.796889598459074,-34.43438959845935,-22.759389598459165,-18.534389598459256,-35.384389598459165,-85.12188959845935,-103.88438959845917,-87.49688959845935
Dec 15 2022 05:30AM,Siemens Ltd,SIEMENS,638060.2,29.492242955602197,70.53946074582382,2998.269698907884,-5.319698907884231,-77.9196989078846,-77.14469890788405,-44.05719890788396,-72.91969890788369,-120.98219890788369,-180.38219890788423,-162.08219890788405,-151.63219890788423,-141.70719890788405
Dec 16 2022 05:30AM,Siyaram Silk Mills Ltd,SIYSIL,121028.0,41.755379734051154,66.86795811723304,564.8511448162556,-7.3761448162555325,-3.4511448162554643,2.6238551837444675,-1.7261448162555553,-26.5511448162556,-51.601144816255555,-35.57614481625558,-33.58864481625551,-45.688644816255646,-40.3636448162556
Nov 18 2022 05:30AM,Standard Industries Ltd,SIL,201011.0,28.200581578620845,56.880831765654364,27.534942621422147,-0.7099426214221438,-1.3849426214221445,-1.0349426214221467,0.2025573785778505,-0.14744262142214737,-0.6599426214221467,-0.3099426214221488,0.027557378577853342,0.40255737857785334,0.515057378577854
Dec 27 2022 05:30AM,Talbros Automotive Components Ltd,TALBROAUTO,291788.6,35.279319697270914,52.48698038485154,517.5392441563685,-10.07674415636842,-6.214244156368466,18.49825584363157,35.5107558436315,31.785755843631478,46.36075584363152,54.03575584363159,42.835755843631546,31.985755843631523,30.473255843631478
Nov 14 2022 05:30AM,Tinplate Company of India Ltd,TINPLATE,278639.2,16.271808622493264,60.23322991127258,315.9518773981225,7.223122601877435,6.248122601877469,2.0481226018774805,-3.2268773981224967,-4.064377398122474,-3.7018773981225195,-5.564377398122531,-2.989377398122542,-2.051877398122542,0.24812260187746915
Dec 15 2022 05:30AM,Tinplate Company of India Ltd,TINPLATE,286150.2,25.036452285799047,60.774661340107336,328.65569328390086,0.8318067160991518,-2.805693283900837,-1.4931932839008368,-2.830693283900814,-5.34319328390086,-10.493193283900837,-23.90569328390086,-25.230693283900848,-10.668193283900848,-2.9681932839008596
Dec 14 2022 05:30AM,Tata Steel Ltd,TATASTEEL,35384545.8,31.27451062637408,62.41138212878792,111.58326410767759,0.6542358923224043,0.35423589232240715,-0.8457641076775957,-0.14576410767759285,-0.9332641076776014,-1.1082641076775985,-2.933264107677587,-7.345764107677596,-7.833264107677593,-2.78326410767761
Jan 02 2023 05:30AM,Eveready Industries India Ltd,EVEREADY,67692.0,29.353546012977567,53.75172887209193,355.93016310820815,-1.3426631082081713,-4.967663108208114,3.6073368917918742,-2.6551631082081713,-4.392663108208126,2.6323368917918515,1.0948368917918287,-0.2926631082081599,4.307336891791806,12.557336891791863
Nov 25 2022 05:30AM,Jubilant Pharmova Ltd,JUBLPHARMA,72011.2,37.008774325313134,57.72163806176156,379.4161731646529,2.546326835347088,0.7963268353471449,0.38382683534712214,7.408826835347099,6.721326835347156,0.13382683534712214,-2.3411731646528438,-5.5661731646528665,-2.5286731646529006,4.4963268353471335
Dec 15 2022 05:30AM,Wendt India Ltd,WENDT,1444.0,22.17336058020342,44.52845923993245,7959.114715864243,-39.98971586424341,-95.76471586424304,-139.88971586424304,-272.50221586424414,-438.4397158642432,-491.95221586424304,-686.8022158642434,-791.6272158642432,-652.7897158642436,-614.7272158642436
Dec 15 2022 05:30AM,Alembic Ltd,ALEMBICLTD,300694.2,19.17059679415822,49.905565159426764,73.21328594647935,-0.10078594647933414,-0.3382859464793455,-0.06328594647933983,-0.4007859464793455,0.18671405352066017,-0.08828594647934551,-1.7132859464793455,-2.0382859464793484,-1.9132859464793341,-1.3507859464793484
Dec 12 2022 05:30AM,Oswal Green Tech Ltd,BINDALAGRO,374694.8,43.49593134246334,60.26175006994071,29.626241711234997,-0.9262417112350008,-1.3012417112349937,-1.601241711234998,-1.101241711234998,-1.0762417112349922,-1.151241711234995,-1.1387417112349922,-2.0762417112349993,-3.7887417112349944,-5.213741711234999
Dec 26 2022 05:30AM,Marathon Nextgen Realty Ltd,MARATHON,128452.0,36.63350369739656,45.4837249351401,244.53996229070714,-9.327462290707132,-12.914962290707138,-7.939962290707115,-11.364962290707126,-17.302462290707126,-14.714962290707149,-10.089962290707149,-19.864962290707126,-15.977462290707138,-15.564962290707143
Dec 06 2022 05:30AM,Andrew Yule &amp; Company Ltd,ANDREWYU,2142913.0,54.50820986511422,71.02664311830111,26.859215725668353,-0.7592157256683514,-1.2217157256683535,-1.7592157256683514,-1.0467157256683528,-1.4967157256683485,-1.1842157256683556,1.5532842743316486,4.415784274331646,4.71578427433165,5.690784274331644
Jan 03 2023 05:30AM,Balmer Lawrie &amp; Company Ltd,BALMLAWRIE,273984.8,29.74590884562253,60.41978323120731,124.62146241494136,-7.471462414941357,-7.283962414941357,-4.271462414941368,-2.446462414941351,-1.7214624149413567,-0.2714624149413538,1.5035375850586377,1.103537585058632,2.428537585058649,2.853537585058646
Nov 10 2022 05:30AM,Dr Reddys Laboratories Ltd,DRREDDY,544155.2,29.289890320542497,64.95260297976662,4531.195190739575,27.15480926042528,16.96730926042528,-140.57019073957508,-129.3951907395749,-67.99519073957526,-87.93269073957526,-120.48269073957545,-171.09519073957472,-165.5201907395749,-139.78269073957472
Dec 16 2022 05:30AM,Munjal Showa Ltd,MUNJALSHOW,26103.2,34.931908067873756,48.00876733532254,108.2442969772367,-1.219296977236695,-0.6317969772366894,-1.6192969772367007,-3.719296977236695,-8.8067969772367,-12.469296977236695,-12.969296977236695,-11.581796977236692,-11.9942969772367,-12.006796977236704
Dec 14 2022 05:30AM,Jindal Saw Ltd,JINDALSAW,1883519.2,35.72171911624611,75.35920605811147,95.39970295824733,6.2127970417526655,7.550297041752657,4.925297041752657,4.887797041752663,8.025297041752665,7.287797041752668,3.5877970417526797,-1.8622029582473232,-2.3497029582473345,2.2752970417526797
Jan 02 2023 05:30AM,Tainwala Chemicals &amp; Plastics (India) Ltd,TAINWALCHM,110110.2,22.923507787356236,69.55346726588954,103.6574923276572,-12.13249232765719,-10.469992327657195,-3.4449923276571894,-3.8574923276571838,-4.319992327657189,4.780007672342805,17.342507672342805,18.017507672342816,14.805007672342796,22.280007672342805
Nov 03 2022 05:30AM,Eimco Elecon (India) Ltd,EIMCOELECO,18104.0,14.31053801066027,75.49605410602443,383.90590354730875,59.46909645269125,41.28159645269125,48.64409645269126,48.6440964526912,43.03159645269125,51.856596452691235,45.38159645269127,33.51909645269126,30.156596452691247,28.931596452691224
Dec 27 2022 05:30AM,Gujarat Raffia Industries Ltd,GUJRAFFIA,8855.0,36.91204318560701,62.01378392297045,38.075096427679455,-9.642767945194919e-05,-1.0500964276794562,-2.5250964276794576,-3.375096427679452,-3.0250964276794576,-4.162596427679453,-2.800096427679449,-2.075096427679455,-2.237596427679449,-2.175096427679449
Dec 30 2022 05:30AM,Dabur India Ltd,DABUR,1520023.2,25.101205918585205,41.41084523158701,567.8102557882684,1.3397442117316132,-5.022755788268341,3.4272442117315904,3.9772442117316587,-3.0227557882683413,-4.485255788268319,-6.672755788268319,-5.122755788268364,-6.647755788268341,-0.5602557882683641
Dec 26 2022 05:30AM,Crest Ventures Ltd,CREST,109888.4,34.3276902475436,56.256069262237,195.70231926253894,-4.914819262538941,0.04768073746106438,1.3351807374610871,1.1101807374610644,0.9101807374610473,2.7476807374610814,1.6726807374610928,0.9476807374610701,-0.814819262538947,-2.1773192625389015
Jan 05 2023 05:30AM,Pitti Engineering Ltd,PITTIENG,115100.2,21.256818663298255,50.43030674765412,318.1055383538758,-15.430538353875818,-15.743038353875761,-13.405538353875727,-5.9430383538758065,-1.0430383538757724,6.106961646124205,3.4069616461242163,0.9069616461242163,-1.4180383538757724,-3.643038353875795
Jan 05 2023 05:30AM,Zodiac Clothing Company Ltd,ZODIACLOTH,14526.6,19.882720314979167,56.459915597429436,99.11621942579023,-4.253719425790223,-6.153719425790229,-4.728719425790231,-3.8537194257902456,-0.2912194257902314,0.38378057420976575,0.29628057420976006,0.4587805742097686,-0.07871942579023994,-0.06621942579022289
Nov 10 2022 05:30AM,Techindia Nirman Ltd,TECHIN,16929.8,31.178881823086876,46.321587690680936,12.110967868340019,-0.9234678683400208,-1.1609678683400197,-1.3109678683400183,-1.4359678683400183,-1.74846786834002,-1.7734678683400187,-1.610967868340019,-1.610967868340019,-1.673467868340019,-1.735967868340019
Dec 19 2022 05:30AM,Techindia Nirman Ltd,TECHIN,17718.4,22.093687399492648,53.88621819650442,11.417998659599332,-0.11799865959933342,-0.13049865959933094,-0.3804986595993327,-0.4554986595993302,-1.0679986595993327,-1.2054986595993338,-1.005498659599331,-0.8804986595993327,-0.642998659599332,-0.4304986595993334
Dec 29 2022 05:30AM,Ind,INDSWFTLTD,524722.0,35.97306124150514,81.69178267714811,12.981357863818209,-2.7063578638182086,-0.5063578638182094,0.15614213618179207,0.768642136181791,0.206142136181791,0.268642136181791,0.06864213618179171,-0.5313578638182097,-1.1188578638182083,-1.1313578638182076
Nov 03 2022 05:30AM,Arihant Capital Markets Ltd,ARIHANTCAP,266735.6,20.54498560802949,51.93520643086573,73.15717948349337,1.4303205165066402,0.10532051650663732,-1.1696794834933684,-2.06967948349336,-2.75717948349336,-2.494679483493371,-3.1071794834933684,-2.707179483493377,-3.1571794834933655,-3.5946794834933655
Dec 19 2022 05:30AM,Rajdarshan Industries Ltd,ARENTERP,113194.4,39.49133537577835,61.181054013637514,50.15626530369135,-5.81876530369135,-7.13126530369135,-8.093765303691349,-8.493765303691347,-10.981265303691352,-12.518765303691346,-11.75626530369135,-9.531265303691349,-10.306265303691355,-10.19376530369135
Nov 28 2022 05:30AM,Onward Technologies Ltd,ONWARDTEC,60077.8,43.296122478666156,78.28647654599729,318.17182556289487,5.003174437105088,26.428174437105156,31.315674437105088,24.803174437105156,18.71567443710518,23.778174437105122,28.2406744371051,19.003174437105145,8.465674437105122,4.515674437105133
Dec 29 2022 05:30AM,Vipul Ltd,VIPULLTD,33570.0,47.10051608068674,68.80728044196917,16.507744163689043,-0.7577441636890434,-0.045244163689044825,0.2922558363109573,0.07975583631095517,0.279755836310958,0.5047558363109559,1.1297558363109559,1.8547558363109573,1.842255836310958,1.0797558363109552
Dec 19 2022 05:30AM,Optiemus Infracom Ltd,OPTIEMUS,325838.0,41.43787572274466,69.63430381527338,332.9035930894721,3.483906910527878,9.758906910527912,-0.3535930894720991,-31.1035930894721,-47.36609308947209,-35.77859308947211,-21.866093089472088,-18.428593089472088,-21.9160930894721,-22.4785930894721
Dec 08 2022 05:30AM,Sterling Tools Ltd,STERTOOLS,124868.2,44.51218992434621,75.82385134083982,297.60260951433617,-11.702609514336189,-23.340109514336177,-21.615109514336154,-17.57760951433619,-19.0651095143362,-15.702609514336189,-17.352609514336166,-22.177609514336154,-26.45260951433619,-33.39010951433619
Nov 03 2022 05:30AM,Bhageria Industries Ltd,BHAGERIA,29734.6,23.395221449710455,27.60027040825101,159.58260522144516,0.7298947785548364,2.2298947785548364,2.5173947785548307,4.142394778554859,2.992394778554825,2.3673947785548535,1.0423947785548364,0.45489477855483074,0.992394778554825,5.442394778554842
Dec 13 2022 05:30AM,Om Infra Ltd,OMINFRAL,312975.8,37.46537295732758,72.52805120300843,41.68644500415353,0.41355499584646793,0.5135549958464694,0.1885549958464665,-0.29894500415353065,0.4635549958464651,0.3135549958464665,-1.148945004153532,-3.723945004153535,-6.8114450041535335,-5.611445004153531
Dec 07 2022 05:30AM,Tata Consultancy Services Ltd,TCS,2129074.2,33.14051709573358,61.51531294766628,3409.697415578009,-35.547415578008895,-52.04741557800935,-80.37241557800917,-141.18491557800917,-106.30991557800871,-51.68491557800871,-77.7974155780089,-151.5849155780088,-192.43491557800917,-195.822415578009
Nov 29 2022 05:30AM,Oil India Ltd,OIL,762393.4,24.031971620950856,60.46704268969363,199.2535229546839,3.908977045316135,6.846477045316107,7.921477045316124,10.783977045316107,11.046477045316124,11.77147704531609,9.996477045316112,10.371477045316112,7.471477045316107,4.2714770453160895
Nov 07 2022 05:30AM,HCL Technologies Ltd,HCLTECH,2319739.4,45.18894718634564,70.25742506581906,1044.1866613768943,3.2133386231057557,12.063338623105665,8.788338623105574,38.17583862310562,52.563338623105665,53.913338623105574,61.938338623105665,50.15083862310553,53.61333862310585,54.150838623105756
Nov 24 2022 05:30AM,Oil &amp; Natural Gas Corpn Ltd,ONGC,13977222.0,32.983439523978184,48.631217031523065,136.2960899556967,1.5664100443033249,3.353910044303319,3.541410044303319,3.928910044303308,4.228910044303319,4.528910044303302,5.728910044303319,6.153910044303302,6.103910044303291,4.528910044303302
Dec 15 2022 05:30AM,Vikas Ecotech Ltd,VIKASECO,4879195.0,31.69877548238489,54.19317046755802,3.582382985966099,0.04261701403390106,0.017617014033901146,0.05511701403390079,0.05511701403390079,-0.03238298596609912,-0.23238298596609885,-0.4198829859660993,-0.3198829859660992,-0.15738298596609868,-0.1948829859660992
Dec 09 2022 05:30AM,Country Condos Ltd,COUNCODOS,1739564.8,43.229299805110664,75.99621700490106,5.92259733585294,-0.010097335852940148,-0.09759733585293962,-0.3100973358529391,-0.6725973358529398,-0.7600973358529401,-0.8475973358529405,-0.62259733585294,-0.7100973358529394,-0.8350973358529394,-1.0100973358529401
Dec 06 2022 05:30AM,Lakshmi Finance &amp; Industrial Corporation Ltd,LFIC,118817.2,30.89097744475335,75.36994705420959,144.52400270496588,-6.799002704965886,-10.924002704965858,-18.499002704965875,-23.58650270496588,-24.549002704965886,-24.39900270496588,-20.436502704965875,-16.674002704965886,-20.136502704965878,-23.21150270496588
Jan 02 2023 05:30AM,Swelect Energy Systems Ltd,SWELECTES,11297.6,24.611617729612142,49.440041850214875,330.10311286478435,-15.828112864784373,-16.553112864784396,-3.828112864784373,-1.3156128647843275,-2.5031128647843275,3.5593871352156725,12.496887135215616,14.70938713521565,15.934387135215673,20.95938713521565
Dec 22 2022 05:30AM,Viji Finance Ltd,VIJIFIN,126655.0,23.386681426815407,57.52025392749632,2.988616653208735,-0.22611665320873486,-0.3386166532087347,-0.45111665320873495,-0.12611665320873477,0.13638334679126496,0.34888334679126487,0.39888334679126514,0.26138334679126496,0.29888334679126505,0.2363833467912646
Dec 30 2022 05:30AM,Ahluwalia Contracts (India) Ltd,AHLUCONT,29582.2,30.05466355893207,56.89176639067248,470.01095494331344,-27.02345494331348,-24.79845494331346,-10.848454943313413,0.7890450566865752,6.651545056686587,11.589045056686587,27.56404505668661,41.62654505668655,33.83904505668653,35.62654505668655
Nov 10 2022 05:30AM,Prajay Engineers Syndicate Ltd,PRAENG,261871.2,32.6536319179879,66.76819513363462,15.374145918682519,0.35085408131748075,0.41335408131748075,-0.19914591868251819,-0.7491459186825189,-0.9116459186825168,-1.2116459186825193,-1.3491459186825185,-1.686645918682519,-1.7616459186825182,-1.624145918682519
Dec 14 2022 05:30AM,Prajay Engineers Syndicate Ltd,PRAENG,170740.4,31.902114415477975,68.69658874054497,15.988553248294945,-0.5135532482949454,-0.5635532482949444,-0.5760532482949436,-0.37605324829494613,-0.20105324829494542,0.8989467517050542,0.6114467517050564,-0.5885532482949447,-0.7510532482949444,-0.4635532482949447
Dec 21 2022 05:30AM,Generic Engineering Construction &amp; Projects Ltd,GENCON,108432.4,49.39603715863818,53.87931318247645,32.506073523157774,-0.23107352315776808,-0.9810735231577716,-1.718573523157776,-1.743573523157771,-0.6310735231577738,0.21892647684222766,0.20642647684223192,0.30642647684222624,0.5189264768422248,0.9814264768422234
Dec 14 2022 05:30AM,Ind,INDSWFTLAB,270733.2,70.88854823574366,64.32150382641085,68.23812857100897,-0.763128571008977,-1.075628571008977,-2.4006285710089657,-3.0506285710089713,-3.250628571008974,-2.8506285710089827,-4.2256285710089685,-4.238128571008971,-3.7131285710089657,-2.6006285710089685
Nov 14 2022 05:30AM,Compucom Software Ltd,COMPUSOFT,70276.0,24.671377565716142,48.8506982303173,22.440150942799995,-0.10265094279999687,-0.6651509427999969,-0.5526509427999962,-0.6651509427999969,-0.9776509427999933,-1.0401509427999969,-1.3776509427999954,-1.6151509427999926,-1.8151509427999954,-1.1151509427999962
Dec 05 2022 05:30AM,Tips Industries Ltd,TIPSINDLTD,11524.2,20.317490782981036,59.91214921634784,1840.037898790475,9.86210120952478,2.349601209524735,-23.412898790475083,12.749601209524826,7.5371012095249625,-0.5378987904750829,-3.437898790475174,-38.312898790475174,-9.337898790475037,-10.825398790474992
Dec 19 2022 05:30AM,Indian Oil Corporation Ltd,IOC,16272259.2,57.068801123251816,75.32249643215658,77.89050936829082,-0.4155093682908131,-0.15300936829081024,-0.7655093682908216,-2.1655093682908273,-4.015509368290822,-4.303009368290816,-3.0030093682908188,-3.0780093682908216,-3.190509368290833,-1.7905093682908273
Dec 08 2022 05:30AM,Power Finance Corporation Ltd,PFC,7343224.8,71.21199847718319,83.40617443220479,139.01153486986126,4.513465130138769,4.788465130138746,4.388465130138741,5.988465130138735,7.150965130138758,6.038465130138718,2.8759651301387237,3.988465130138735,3.800965130138735,0.8259651301387407
Dec 21 2022 05:30AM,GAIL (India) Ltd,GAIL,22135391.4,33.06995892597667,72.0857156321642,97.03240937648997,-0.45740937648997715,-2.50740937648996,-4.732409376489969,-4.2449093764899715,-2.2949093764899686,-1.7324093764899686,-1.4949093764899715,-0.5324093764899658,-0.6824093764899715,-0.20740937648996294
Dec 14 2022 05:30AM,Sonata Software Ltd,SONATSOFTW,165985.6,33.53053790487688,57.8554542134723,582.5238146632771,-15.573814663277062,-33.99881466327702,-43.62381466327713,-43.423814663277085,-43.0488146632772,-46.16131466327715,-47.298814663277085,-48.4863146632772,-38.048814663277085,-17.111314663277085
Jan 02 2023 05:30AM,KIOCL Ltd,KIOCL,185097.4,30.992864890659895,61.70645763022938,220.30903799233823,-28.83403799233821,-29.25903799233822,-15.546537992338216,-2.7340379923382443,0.49096200766175,5.365962007661778,6.753462007661767,7.340962007661744,2.2659620076617557,-0.2715379923382102
Dec 16 2022 05:30AM,Indoco Remedies Ltd,INDOCO,45910.4,38.98880721752567,61.45837920639894,392.79320327615176,-2.755703276151735,3.0192967238482424,0.5442967238482197,4.644296723848242,7.994296723848208,-4.293203276151758,-10.405703276151826,-1.218203276151769,2.281796723848288,-1.7057032761517803
Nov 30 2022 05:30AM,Lincoln Pharmaceuticals Ltd,LINCOLN,70628.2,35.324105835586565,77.13740831262483,327.2430930756144,5.419406924385555,12.0569069243856,12.25690692438559,18.169406924385555,24.306906924385544,12.056906924385544,25.25690692438559,26.394406924385578,30.594406924385567,36.51940692438558
Dec 19 2022 05:30AM,Nitco Ltd,NITCO,120092.6,40.04634254887865,62.055052117763665,26.47618895244705,-0.36368895244704547,1.786311047552946,1.136311047552951,-1.1636889524470533,-2.4511889524470476,-2.188688952447052,-1.338688952447054,-1.6011889524470497,-0.5761889524470476,0.511311047552951
Jan 03 2023 05:30AM,MOIL Ltd,MOIL,620994.4,25.307979504633447,61.23190920440018,165.03705974114075,-10.699559741140746,-9.312059741140757,-6.687059741140757,-4.587059741140763,-5.374559741140757,-3.574559741140746,4.587940258859248,5.475440258859237,4.000440258859243,3.0254402588592484
Dec 28 2022 05:30AM,California Software Company Ltd,CALSOFT,52567.4,24.376350317703924,46.126407068633966,19.976375997759778,-1.6138759977597772,-0.1013759977597779,0.3611240022402207,0.37362400224021997,1.1736240022402207,0.6486240022402221,0.4611240022402221,0.5861240022402221,0.5236240022402221,0.4861240022402207
Jan 04 2023 05:30AM,BLB Ltd,BLBLIMITED,461373.8,27.05254174255852,62.46645168813914,25.255262969690516,-4.717762969690515,-3.742762969690517,-3.4302629696905136,-1.4177629696905178,0.9572370303094857,-0.9302629696905171,-1.1302629696905164,0.9947370303094836,6.369737030309484,10.082237030309482
Nov 07 2022 05:30AM,IZMO Ltd,IZMO,30004.8,12.928280514396137,53.55804899508041,71.17672572239975,0.3982742776002368,-0.039225722399763185,-0.16422572239974897,0.4232742776002425,0.5732742776002482,2.073274277600248,1.9357742776002453,1.2232742776002539,5.2482742776002596,12.010774277600248
Dec 13 2022 05:30AM,Kamdhenu Ltd,KAMDHENU,652385.2,65.94982325711312,88.52623442282686,337.69659453215587,17.228405467844198,20.54090546784414,29.55340546784413,23.878405467844175,27.66590546784414,15.940905467844061,-3.7840945321559047,-20.39659453215586,-41.05909453215588,-44.75909453215587
Dec 27 2022 05:30AM,Strides Pharma Science Ltd,STAR,1157145.4,39.5872903311553,49.28478346604857,358.7035246541021,2.633975345897852,-6.678524654102148,-9.441024654102137,-5.091024654102171,-4.616024654102148,-6.041024654102102,-5.641024654102125,2.1464753458978976,6.821475345897852,1.1089753458978748
Dec 20 2022 05:30AM,Raj Television Network Ltd,RAJTV,31743.6,39.40832673224638,51.06222288309913,50.71687345475985,-0.22937345475985182,-1.0168734547598461,-1.8918734547598461,-4.091873454759849,-5.391873454759846,2.0081265452401453,2.5831265452401553,1.9956265452401496,2.6081265452401468,6.708126545240148
Dec 19 2022 05:30AM,REC Ltd,RECLTD,9664724.0,47.77130163109355,65.7840674610204,112.89056957250102,-0.6155695725010162,-0.4280695725010162,-1.4905695725010162,-0.9655695725010105,-2.5280695725010247,-1.5405695725010276,1.0344304274989753,0.7094304274989724,0.20943042749897245,2.7844304274989753
Nov 21 2022 05:30AM,Persistent Systems Ltd,PERSISTENT,246514.4,25.996307257514754,57.51695830985768,3772.4303594948387,-88.13035949483901,-94.69285949483856,-38.65535949483865,46.419640505161624,156.6571405051609,235.23214050516162,251.09464050516135,326.8446405051618,505.0196405051611,574.0946405051609
Nov 25 2022 05:30AM,MPS Ltd,MPSLTD,29667.6,58.542305238453125,77.17808960547397,889.4733776011365,4.6266223988634465,12.289122398863583,-1.173377601136508,48.53912239886358,96.46412239886354,103.10162239886358,100.82662239886349,88.72662239886358,73.83912239886354,80.70162239886349
Nov 16 2022 05:30AM,Lypsa Gems &amp; Jewellery Ltd,LYPSAGEMS,83131.8,27.13577127744517,59.60201581513472,6.908207315825289,0.00429268417471107,-0.10820731582528964,-0.3457073158252886,-0.43320731582528893,-0.5207073158252884,-0.7582073158252882,-0.8582073158252879,-0.8332073158252884,-0.7332073158252888,-0.6457073158252884
Nov 07 2022 05:30AM,Advanced Enzyme Technologies Ltd,ADVENZYMES,58534.0,21.902699162156697,51.51047323915874,283.5197028773626,0.4677971226374211,7.60529712263741,9.080297122637432,6.630297122637387,-2.344702877362579,-4.0447028773625675,-7.344702877362579,-8.569702877362602,-4.932202877362613,-7.694702877362602
Dec 02 2022 05:30AM,R Systems International Ltd,RSYSTEMS,160743.8,39.70396483810068,61.826711784170605,258.23225927375233,5.217740726247655,13.205240726247666,20.267740726247666,18.905240726247655,14.180240726247689,10.155240726247712,8.88024072624762,10.617740726247689,12.005240726247678,13.555240726247689
Jan 05 2023 05:30AM,PTC India Ltd,PTC,671586.0,26.283011818678414,56.65786261235881,84.69705624147441,-8.272056241474417,-8.90955624147442,-6.047056241474408,-5.884556241474414,-6.009556241474414,-4.134556241474414,-1.3970562414744165,1.6029437585255835,0.8404437585255806,0.19044375852558915
Dec 30 2022 05:30AM,Petronet LNG Ltd,PETRONET,1638676.6,16.844819419576385,53.108874599720444,212.02681331987895,-2.164313319878943,-3.701813319878937,-1.2143133198789826,0.06068668012102307,0.8481866801210458,3.8606866801210344,3.32318668012104,4.110686680121034,4.848186680121046,6.69818668012104
Dec 08 2022 05:30AM,Dynacons Systems &amp; Solutions Ltd,DSSL,84388.6,33.641092530084755,74.05220974892369,368.8101887314642,2.177311268535732,-2.8976887314642,-7.885188731464211,-11.247688731464223,-3.310188731464166,4.552311268535732,-2.572688731464268,-1.172688731464234,-13.110188731464177,-25.88518873146421
Dec 23 2022 05:30AM,Next Mediaworks Ltd,NEXTMEDIA,24065.4,31.90812201178046,58.42417051617068,7.078225331637619,-0.6407253316376194,-0.7657253316376194,-0.7532253316376201,-0.553225331637619,-0.303225331637619,-0.303225331637619,-0.15322533163761953,-0.12822533163761918,-0.365725331637619,-0.40322533163761864
Dec 22 2022 05:30AM,HDFC Life Insurance Company Ltd,HDFCLIFE,2319878.0,32.00385830181358,59.50838621023361,580.578948715455,-2.816448715455067,-9.703948715454999,-14.316448715454953,-9.716448715455044,-11.578948715454999,-13.241448715455022,-11.453948715454999,-13.591448715455044,3.1960512845449784,20.046051284545
Dec 30 2022 05:30AM,Sadbhav Engineering Ltd,SADBHAV,292643.2,30.720115453117817,51.25052836325411,15.652938815634325,-1.6154388156343256,-1.6029388156343245,-0.6029388156343245,0.1470611843656755,0.38456118436567266,0.5220611843656755,0.1345611843656762,0.3845611843656762,0.08456118436567372,0.0220611843656755
Dec 23 2022 05:30AM,Inox Leisure Ltd,INOXLEISUR,388951.0,28.490359963180335,30.186193716500853,516.4781611531273,-33.965661153127314,-40.46566115312726,-23.42816115312735,-21.028161153127314,-26.103161153127303,-19.453161153127326,-18.715661153127314,-15.015661153127326,4.909338846872743,-25.665661153127303
Nov 07 2022 05:30AM,ISMT Ltd,ISMTLTD,437183.6,13.64684458018925,72.50798763585729,57.652855677663055,-6.127855677663057,-6.177855677663054,-8.327855677663052,-8.51535567766306,-9.290355677663051,-9.702855677663052,-10.040355677663051,-10.365355677663054,-10.55285567766306,-10.665355677663058
Dec 12 2022 05:30AM,JBM Auto Ltd,JBMA,48186.4,17.64789455077978,46.652283724512856,420.5428441808341,-8.36784418083414,-8.580344180834118,-10.680344180834084,-7.80534418083414,-7.80534418083414,17.007155819165916,42.80715581916587,38.13215581916592,49.094655819165894,51.144655819165905
Jan 03 2023 05:30AM,PPAP Automotive Ltd,PPAP,4271.6,27.11549387199102,53.72098881527695,237.88721459089572,-16.074714590895724,-17.09971459089573,-7.499714590895735,-0.6497145908957123,0.812785409104265,1.5502854091042764,0.30028540910427637,-6.149714590895741,-2.349714590895701,-0.33721459089571226
Jan 04 2023 05:30AM,Uttam Sugar Mills Ltd,UTTAMSUGAR,278448.0,20.724141371034335,62.49513792807644,290.1634527614423,-38.963452761442284,-40.41345276144227,-15.56345276144225,-14.400952761442284,-10.950952761442238,-0.038452761442272276,0.6865472385576936,3.4490472385576822,1.9490472385576822,-2.488452761442261
Dec 26 2022 05:30AM,Fortis Healthcare Ltd,FORTIS,907055.6,17.257535700239607,37.08485203070172,278.5858787740522,-4.210878774052219,-3.6233787740522416,0.3766212259477584,3.476621225947781,3.7766212259477925,5.251621225947758,4.764121225947747,4.689121225947758,5.05162122594777,7.226621225947781
Dec 14 2022 05:30AM,Gujarat State Petronet Ltd,GSPL,1333359.2,52.157684557900375,70.85740236389856,272.1548270815764,2.8326729184235546,-0.6548270815763999,-2.4423270815764226,-1.4798270815763885,0.18267291842357736,-1.117327081576434,-9.579827081576411,-17.254827081576423,-14.754827081576423,-9.5298270815764
Dec 20 2022 05:30AM,North Eastern Carrying Corporation Ltd,NECCLTD,139259.2,14.351396214209682,38.1792840011143,25.735334515695975,0.014665484304025256,-0.48533451569597474,-1.3853345156959733,-2.247834515695974,-1.0728345156959733,0.027165484304024545,-0.7228345156959755,-0.7353345156959747,-0.5228345156959762,-0.8728345156959776
Dec 15 2022 05:30AM,Tanla Platforms Ltd,TANLA,214208.4,23.9314325221378,42.49157546786036,761.5767748600365,-9.926774860036517,-16.77677486003654,-20.914274860036585,-13.989274860036517,-18.41427486003647,-41.764274860036494,-82.2017748600365,-86.56427486003645,-61.08927486003654,-56.67677486003652
Dec 30 2022 05:30AM,Jai Balaji Industries Ltd,JAIBALAJI,452815.8,52.68675132632283,65.5348312359916,56.41993421947102,0.5050657805289802,-0.7199342194710141,0.5925657805289859,1.1925657805289802,-0.7824342194710212,-0.6199342194710198,-0.20743421947101837,-0.0074342194710226295,-0.9074342194710141,-1.232434219471017
Dec 05 2022 05:30AM,Muthoot Finance Ltd,MUTHOOTFIN,663850.6,21.722004876705984,65.91301955752974,1107.9538960772009,35.00860392279924,13.921103922799148,2.8086039227991932,9.046103922799148,5.196103922799239,-9.553896077200761,-6.341396077201125,4.546103922799148,-2.4038960772008977,-19.816396077201034
Dec 30 2022 05:30AM,Parsvnath Developers Ltd,PARSVNATH,457852.8,39.941325836629936,58.17326664447724,9.476418038375897,-0.6014180383758969,-0.7139180383758976,0.18608196162410273,0.03608196162410415,0.023581961624103087,0.09858196162410238,0.3235819616241038,0.5110819616241038,0.2860819616241024,0.08608196162410309
Dec 29 2022 05:30AM,MSP Steel &amp; Power Ltd,MSPL,540670.8,21.48603698400841,50.00342050692588,9.519223140016404,-0.269223140016404,-0.41922314001640437,-0.006723140016404727,0.11827685998359527,0.293276859983596,0.4057768599835967,0.480776859983596,0.5307768599835967,0.2807768599835967,0.31827685998359456
Dec 30 2022 05:30AM,Indowind Energy Ltd,INDOWIND,226417.2,15.451748401947867,62.77947461706839,15.228769185868712,0.3962308141312878,-0.5912691858687129,-1.4912691858687115,-1.6537691858687111,-0.8412691858687129,-0.09126918586871291,0.5712308141312885,1.4587308141312878,2.1712308141312864,3.1212308141312857
Nov 28 2022 05:30AM,Coforge Ltd,COFORGE,172810.2,19.384089203797355,60.807639001449296,3915.4804389105248,36.85706108947534,59.29456108947534,95.35706108947488,199.21956108947597,271.4195610894749,308.9945610894756,196.9820610894758,115.64456108947525,93.75706108947543,34.16956108947488
Jan 05 2023 05:30AM,Inspirisys Solutions Ltd,INSPIRISYS,8398.4,18.829186472482387,55.491514685933716,59.45338862200412,-5.590888622004115,-5.490888622004121,-0.8408886220041225,-2.3533886220041254,-1.4033886220041225,0.2841113779958775,-1.440888622004124,0.3841113779958789,0.3716113779958832,1.0466113779958803
Nov 07 2022 05:30AM,Multi Commodity Exchange of India Ltd,MCX,312337.0,37.45614100587094,73.03887606676585,1500.3968955247751,24.20310447522479,31.190604475224973,5.040604475224882,19.378104475224973,16.41560447522511,33.80310447522493,35.57810447522479,20.76560447522479,7.103104475225109,1.2031044752247908
Jan 06 2023 05:30AM,KM Sugar Mills Ltd,KMSUGAR,688477.8,31.549482633841656,55.10709388244622,30.46140859563061,-3.49890859563061,-3.9114085956306113,-0.7614085956306091,0.2385914043693944,0.38859140436938944,1.076091404369393,0.576091404369393,0.18859140436939015,0.15109140436938873,-0.24890859563060985
Dec 27 2022 05:30AM,Vivimed Labs Ltd,VIVIMEDLAB,174386.8,30.463133463963768,56.34047125091857,11.40252009625556,-0.4275200962555594,0.29747990374443845,-0.002520096255560489,-0.5650200962555605,-0.5025200962555605,-0.16502009625556013,-0.3025200962555594,0.1349799037444388,-0.09002009625556084,-0.1650200962555619
Dec 14 2022 05:30AM,Godawari Power &amp; Ispat Ltd,GPIL,455938.0,41.68076612173935,79.89309234283422,350.83485033336075,8.852649666639252,12.690149666639229,6.202649666639218,18.577649666639218,22.015149666639275,-3.5098503333607027,-10.347350333360737,-22.084850333360748,-22.297350333360725,2.5151496666392745
Dec 14 2022 05:30AM,Dynemic Products Ltd,DYNPRO,25857.6,30.23995247454158,38.08600625680737,364.1752176598337,-7.900217659833686,-15.225217659833731,-22.462717659833686,-30.162717659833675,-32.0127176598337,-47.587717659833686,-52.53771765983373,-66.3252176598337,-66.03771765983373,-63.937717659833766
Jan 03 2023 05:30AM,Technocraft Industries (India) Ltd,TIIL,14545.4,35.86952816800407,55.642654954018276,901.7251111555629,-14.137611155562809,-13.387611155562809,-1.2501111555628768,11.9623888444371,-15.9126111555629,0.16238884443714596,2.949888844437055,4.549888844437078,2.7873888444370323,0.3998888444371005
Dec 05 2022 05:30AM,Gokul Refoils and Solvent Ltd,GOKUL,109789.4,15.70972945892187,51.20707099886812,33.51376031624356,0.8112396837564404,1.6487396837564319,2.461239683756439,2.4487396837564432,1.648739683756439,1.3487396837564347,2.3612396837564376,2.0487396837564376,2.1737396837564376,4.348739683756442
Jan 04 2023 05:30AM,Gallantt Metal Ltd,GALLANTT,57810.2,19.288085751098958,57.93581822116889,63.494472416297384,-5.7194724162973785,-5.731972416297381,-1.6569724162973856,-0.8694724162973841,-1.881972416297387,-1.0319724162973856,-0.4569724162973898,0.9805275837026244,0.0180275837026187,-0.2319724162973884
Nov 04 2022 05:30AM,Visa Steel Ltd,VISASTEEL,67605.4,13.57658203159262,64.33261967009884,14.933749361076742,1.6162506389232583,3.8287506389232604,3.416250638923259,2.603750638923259,1.7162506389232561,1.7412506389232547,1.6412506389232604,1.1537506389232561,0.6162506389232583,-0.30874936107674245
Dec 14 2022 05:30AM,K E C International Ltd,KEC,2390314.6,28.081099647604415,82.81222910208339,479.8582385571965,4.941761442803511,1.5542614428035222,-0.033238557196455076,0.7417614428034653,1.8917614428034994,-5.308238557196489,-18.845738557196512,-26.608238557196557,-16.995738557196546,-3.308238557196546
Jan 02 2023 05:30AM,Voltamp Transformers Ltd,VOLTAMP,13831.4,27.5410635577355,61.45164207725404,2694.1710519954386,-215.89605199543848,-167.78355199543876,-99.25855199543867,-21.996051995438393,-5.021051995438484,43.44144800456161,41.31644800456161,19.928948004561335,-16.096051995438756,-2.0585519954383926
Dec 20 2022 05:30AM,Siti Networks Ltd,SITINET,28457662.2,44.83307879608174,62.82998705976903,2.1298102216977313,-0.02981022169773162,-0.142310221697731,-0.24231022169773153,-0.3298102216977312,-0.35481022169773135,-0.37981022169773127,-0.4298102216977313,-0.45481022169773144,-0.4548102216977312,-0.4298102216977313
Dec 08 2022 05:30AM,Kaveri Seed Company Ltd,KSCL,95682.2,57.88021498974127,73.1270877008416,521.087657696942,-1.1751576969420512,-6.500157696941983,-3.9626576969419602,11.449842303058062,20.987342303058085,22.53734230305804,22.524842303057994,27.03734230305804,27.687342303058017,26.737342303058085
Jan 06 2023 05:30AM,Burnpur Cement Ltd,BURNPUR,132207.6,24.13045832233966,52.14143971952748,5.593642685063013,-0.3561426850630136,-0.4936426850630138,-0.11864268506301379,-0.056142685063013786,-0.15614268506301343,0.006357314936986214,-0.09364268506301343,-0.03114268506301343,0.06885731493698621,-0.006142685063013076
Dec 05 2022 05:30AM,Nippon India ETF Gold Bees,GOLDBEES,3105840.6,11.51343803580427,67.67497692708686,45.55278380001539,0.5722161999846094,0.26721619998460966,0.3422161999846125,0.4872161999846085,0.6722161999846037,0.6497161999846099,0.7272161999846034,1.5047161999846068,0.6747161999846085,0.48971619998460625
Dec 05 2022 05:30AM,Kotak Gold ETF,KOTAKGOLD,171916.4,35.77382047100238,59.57581197551469,45.52149447886464,-0.7814944788646301,0.38350552113536196,0.34850552113536537,0.45600552113535997,0.6085055211353563,-0.36899447886464287,3.666005521135361,1.0635055211353617,0.9635055211353603,0.6535055211353651
Dec 20 2022 05:30AM,PTC India Financial Services Ltd,PFS,429463.8,29.914106780423527,51.42630454498666,16.402186908743644,0.2478130912563543,0.4603130912563529,-0.15218690874364427,-0.9021869087436443,-1.127186908743644,-0.40218690874364427,-0.3271869087436414,-0.4896869087436446,-0.2396869087436464,-0.08968690874364427
Jan 02 2023 05:30AM,KNR Constructions Ltd,KNRCON,435560.8,27.562061520656357,53.3599643112014,252.67846245905267,-10.365962459052668,-6.96596245905269,-5.815962459052656,-5.128462459052656,-2.690962459052656,3.934037540947344,10.584037540947321,14.634037540947332,12.684037540947344,10.871537540947287
Dec 09 2022 05:30AM,PNC Infratech Ltd,PNCINFRA,987083.6,22.918065053815194,62.81624617989758,281.5910252420168,3.9214747579831624,4.733974757983162,7.983974757983162,7.5714747579831965,15.946474757983196,14.158974757983174,7.771474757983185,4.021474757983185,-1.9785252420168717,-6.653525242016826
Dec 21 2022 05:30AM,Rane Brake Lining Ltd,RBL,30719.0,33.95703603617455,50.83005087188448,742.1771901321267,-14.114690132126725,-31.43969013212677,-61.18969013212677,-57.552190132126725,-41.302190132126725,-6.22719013212668,-8.427190132126725,-9.28969013212668,-5.277190132126748,-6.0021901321267705
Dec 29 2022 05:30AM,Gyscoal Alloys Ltd,GAL,1164057.6,53.15789007585972,53.936064563688014,3.578809293830375,0.13369070616962508,0.10869070616962517,0.096190706169625,-0.12880929383037465,-0.1288092938303751,-0.05380929383037447,-0.2288092938303743,-0.37880929383037465,-0.5538092938303749,-0.5163092938303744
Dec 02 2022 05:30AM,Quantum Gold Fund ETF,QGOLDHALF,28730.0,58.18182609154365,57.44559922541272,44.94988774394635,0.5201122560536504,0.9126122560536487,0.5076122560536476,0.795112256053649,0.8826122560536547,0.8926122560536527,1.0501122560536515,1.0576122560536518,1.285112256053651,1.0726122560536524
Nov 07 2022 05:30AM,Texmo Pipes &amp; Products Ltd,TEXMOPIPES,55086.4,16.557059403689927,41.19308886998411,62.071282882456245,1.7037171175437535,2.991217117543755,1.0287171175437564,1.178717117543755,0.5287171175437493,-2.008782882456245,-1.0962828824562507,-2.583782882456248,-3.3337828824562408,-4.071282882456245
Jan 05 2023 05:30AM,Interglobe Aviation Ltd,INDIGO,366637.4,29.592489204089265,58.644056010083645,2026.3812435188356,-96.60624351883553,-94.74374351883557,-29.568743518835618,-2.106243518835754,-18.043743518835527,-2.331243518835663,1.8312564811644734,9.093756481164291,-1.8687435188353447,3.106256481164337
Dec 01 2022 05:30AM,Nippon India ETF Nifty 50 Shariah BeES,SHARIABEES,3158.2,25.34487827113313,65.60853179586857,430.84727023892276,10.257729761077258,7.202729761077251,6.152729761077239,5.095229761077235,4.155229761077237,1.5602297610772666,0.14022976107725071,-3.4172702389228107,-2.8497702389227015,1.537729761077287
Dec 19 2022 05:30AM,MEP Infrastructure Developers Ltd,MEP,921193.8,29.03261098319228,61.767335613644406,19.951289247759913,-1.0387892477599117,-0.8887892477599131,-0.5012892477599138,-1.4262892477599145,-2.4262892477599145,-2.4887892477599145,-2.1637892477599117,-2.326289247759913,-2.4387892477599102,-2.5012892477599102
Dec 29 2022 05:30AM,AU Small Finance Bank Ltd,AUBANK,1091264.8,26.01628686690147,55.540771540817644,660.5424094625373,-6.092409462537262,-11.32990946253733,-0.10490946253730726,2.2700905374626927,3.04509053746267,-0.30490946253735274,-3.2549094625372845,-4.567409462537398,-13.529909462537262,-23.854909462537307
Nov 02 2022 05:30AM,Shree Pushkar Chemicals &amp; Fertilizers Ltd,SHREEPUSHK,35959.4,10.484759900963724,45.27234296294908,233.799434155479,-0.7494341554789798,-0.33693415547898553,4.18806584452102,5.213065844520997,3.9380658445209917,2.138065844521009,-0.8619341554789912,-15.424434155478991,-23.824434155478997,-23.161934155479003
Dec 02 2022 05:30AM,SBI Gold ETS,SETFGOLD,411858.2,45.72362869470509,66.84719801178716,46.56776842315982,0.6622315768401776,0.9047315768401845,0.6672315768401802,0.6647315768401825,0.8022315768401853,0.8622315768401805,0.8747315768401833,0.8897315768401839,1.5297315768401774,0.9747315768401776
Jan 03 2023 05:30AM,Den Networks Ltd,DEN,630250.8,29.299915027451853,47.199911819634316,35.042118211650056,-1.4421182116500546,-1.7171182116500532,-0.417118211650056,-0.11711821165005887,-0.15461821165005318,0.057881788349945396,0.09538178834994682,0.29538178834994255,-0.01711821165005034,-0.30461821165005887
Dec 21 2022 05:30AM,Tata Motors,TATAMTRDVR,1373345.6,20.221980162520758,40.27142308513815,218.74638318578363,-6.496383185783628,-12.821383185783617,-23.321383185783645,-20.80888318578363,-11.696383185783617,-10.971383185783623,-13.271383185783634,-12.346383185783623,-9.408883185783651,-7.246383185783628
Jan 03 2023 05:30AM,Sarthak Metals Ltd,SMLT,65995.6,24.299496073619824,56.923772144510295,139.4098811329522,-12.347381132952194,-9.4348811329522,-2.8473811329521936,-2.7598811329522164,-4.997381132952171,-2.122381132952171,3.3901188670478177,10.765118867047818,4.715118867047806,-0.334881132952205
Dec 13 2022 05:30AM,Techno Electric &amp; Engineering Company Ltd,TECHNOE,158588.4,35.075377924720435,71.2763662749466,319.7344239228704,-0.934423922870451,0.6155760771296173,2.503076077129606,-0.8969239228704282,-1.9469239228703827,9.678076077129617,12.615576077129617,-0.8094239228703941,-8.021923922870428,-7.259423922870383
Dec 21 2022 05:30AM,Bajaj Consumer Care Ltd,BAJAJCON,513689.6,40.59677865942741,54.10834506268052,170.97413790255888,-1.1491379025588913,-4.399137902558891,-9.311637902558857,-9.136637902558903,-6.66163790255888,-5.899137902558891,-5.78663790255888,-4.47413790255888,-2.261637902558874,-0.03663790255890831
Jan 06 2023 05:30AM,Nippon India ETF Hang Seng Bees,HNGSNGBEES,28497.4,39.02940207644764,78.78184200181201,299.632147796191,-20.812147796191027,-24.192147796190966,-19.677147796191036,-15.779647796191057,-14.989647796191036,-14.202147796191014,-9.867147796191034,-8.369647796191032,-1.422147796190984,5.972852203808998
Dec 05 2022 05:30AM,Invesco India Gold ETF,IVZINGOLD,57.0,38.675484137539954,67.21623585585111,4748.341590348625,79.40840965137522,35.43340965137486,25.820909651375587,34.75840965137559,61.50840965137559,64.7709096513745,68.50840965137559,87.3959096513754,59.50840965137559,55.10840965137595
Dec 06 2022 05:30AM,Sansera Engineering Ltd,SANSERA,148545.0,46.86304174471401,76.48888633123472,797.2715675852498,25.35343241475016,26.653432414750114,15.928432414750205,1.0034324147501366,-4.621567585249863,-4.446567585249795,-6.459067585249841,-16.309067585249863,-32.784067585249886,-20.18406758524975
Dec 29 2022 05:30AM,Orient Green Power Company Ltd,GREENPOWER,16308489.0,37.985461061290714,62.51724023986686,11.328297227150417,0.24670277284958253,0.07170277284958182,0.10920277284958324,-0.1157972271504164,-0.32829722715041676,-0.41579722715041534,-0.35329722715041534,-0.0032972271504156936,0.3717027728495843,0.1967027728495836
Dec 05 2022 05:30AM,HDFC Gold ETF,HDFCMFGETF,277510.0,39.184739137650034,73.49245418753618,46.76018931726843,0.5023106827315758,0.43231068273156836,0.4998106827315709,0.5873106827315766,0.7198106827315698,0.8198106827315712,1.292310682731575,1.2123106827315695,0.8198106827315783,0.667310682731582
Dec 01 2022 05:30AM,ICICI Prudential Gold ETF,ICICIGOLD,215251.8,58.89911426669888,57.38057448179893,46.2185199416827,-1.6110199416826916,0.6639800583172999,1.7314800583172953,0.6989800583172965,0.8239800583172965,0.8364800583173064,1.141480058317299,1.2489800583173007,1.1014800583173,1.5639800583172985
Nov 09 2022 05:30AM,Future Market Networks Ltd,FMNL,102061.8,14.991512131811652,47.6791072525446,4.9268140683565225,-0.0018140683565226468,-0.0018140683565226468,0.2981859316434772,0.8106859316434774,1.4231859316434772,1.423185931643478,0.8981859316434777,0.5981859316434779,0.3606859316434772,0.18568593164347735
Jan 02 2023 05:30AM,Endurance Technologies Ltd,ENDURANCE,16944.8,27.613541418581146,37.89378434595413,1395.4461090461944,-28.35860904619426,-26.33360904619417,-6.73360904619426,-2.8836090461943513,7.45389095380574,-0.8336090461943968,-17.183609046194533,-19.871109046194306,-5.758609046194351,14.928890953805421
Dec 16 2022 05:30AM,Tijaria Polypipes Ltd,TIJARIA,288831.6,38.15944305278947,74.53108570528816,7.135268037635411,0.03973196236458865,-0.2602680376354103,-0.2602680376354112,-0.3727680376354119,-0.3852680376354103,-0.4477680376354112,-0.372768037635411,-0.2602680376354112,-0.22276803763541153,-0.1852680376354119
Dec 22 2022 05:30AM,Onelife Capital Advisors Ltd,ONELIFECAP,84851.0,24.877911720965024,64.18633452513623,15.735277153877947,-0.6477771538779464,-1.997777153877946,-1.935277153877946,-1.4102771538779475,-2.0227771538779464,-2.060277153877946,-2.060277153877946,-1.0852771538779482,-0.8727771538779461,-1.2227771538779475
Dec 07 2022 05:30AM,Thomas Scott India Ltd,THOMASCOTT,1889.8,18.196895819721338,53.04279798707835,40.29594960818677,-0.3084496081867698,-0.5834496081867684,-0.5209496081867684,-0.4334496081867698,-0.19594960818677265,-0.2084496081867684,0.8040503918132273,3.0540503918132345,5.029050391813236,6.1790503918132345
Dec 05 2022 05:30AM,Aditya Birla Sun Life Gold ETF,BSLGOLDETF,14687.4,30.805905127544342,75.47360071055729,48.89323227485097,1.5342677251490286,-0.4707322748509739,-0.5132322748509708,-0.3382322748509736,-0.18573227485097732,-0.29573227485096965,-0.30323227485096993,-0.010732274850973056,-0.25073227485096794,-0.10573227485097902
Nov 16 2022 05:30AM,Indo Thai Securities Ltd,INDOTHAI,28335.0,53.31779614044474,93.24172706222579,266.6170123185734,20.070487681426584,37.60798768142661,45.53298768142662,32.09548768142656,18.957987681426573,7.532987681426562,18.007987681426584,27.632987681426584,31.920487681426607,30.15798768142656
Dec 02 2022 05:30AM,IDBI Gold ETF,IDBIGOLD,423.4,30.400380745543185,68.62556273151205,4859.919001729513,42.79349827048645,79.86849827048718,71.66849827048645,58.518498270486816,90.89349827048682,60.268498270486816,92.58099827048682,54.580998270486816,107.05599827048718,88.01849827048682
Dec 26 2022 05:30AM,Prozone Intu Properties Ltd,PROZONINTU,3776718.4,46.62298641820814,52.578754352944316,28.73656225334716,-1.8365622533471608,-2.0365622533471566,0.16343774665283917,0.47593774665283917,0.43843774665283775,1.7134377466528399,3.7009377466528406,4.688437746652845,3.988437746652842,3.7134377466528363
Dec 16 2022 05:30AM,PDS Ltd,PDSL,42667.4,31.31467787607362,58.06078196468558,360.6340230230124,-5.684023023012401,-4.559023023012344,-9.75902302301239,-14.721523023012367,-19.13402302301239,-33.2465230230124,-23.584023023012378,-10.94652302301239,-10.121523023012344,-10.559023023012344
Dec 16 2022 05:30AM,Dhunseri Tea &amp; Industries Ltd,DTIL,42750.6,48.14665594815225,61.63825052229739,242.1208752962802,-3.408375296280184,-1.8958752962801668,-7.595875296280212,-11.970875296280184,-18.783375296280184,-26.658375296280184,-23.958375296280195,-18.74587529628019,-15.258375296280178,-11.233375296280201
Dec 09 2022 05:30AM,Simbhaoli Sugars Ltd,SIMBHALS,312338.0,32.25909684525607,75.99084121849549,25.482940776538108,-0.9579407765381056,-2.1954407765381063,-2.082940776538109,-1.7704407765381056,-1.9829407765381077,0.24205922346189368,6.292059223461891,6.8170592234618965,4.329559223461892,2.2670592234618923
Nov 04 2022 05:30AM,Quess Corp Ltd,QUESS,70962.4,23.312231664743646,26.050733030580965,550.4918769566139,-3.8793769566138963,-2.1918769566138963,-0.516876956613828,-35.02937695661387,-58.90437695661387,-68.8543769566138,-71.6668769566138,-68.74187695661385,-83.15437695661387,-93.11687695661385
Nov 04 2022 05:30AM,Shyam Metalics &amp; Energy Ltd,SHYAMMETL,212965.8,23.747032513651106,59.33464846650223,301.665261256102,4.872238743897981,7.772238743898015,6.22223874389806,-6.515261256102008,-1.8777612561019623,-1.602761256101985,-0.5277612561019964,0.6597387438980036,-1.7652612561020078,-3.8027612561019737
Dec 29 2022 05:30AM,Shyam Metalics &amp; Energy Ltd,SHYAMMETL,271817.8,23.80158037784892,64.32645542778816,304.61131372292886,-16.148813722928878,-13.498813722928844,-1.0488137229288554,6.751186277071156,3.151186277071133,5.83868627707119,15.513686277071145,24.601186277071122,14.963686277071133,6.501186277071156
Dec 14 2022 05:30AM,Heads UP Ventures Ltd,HEADSUP,102540.8,20.52098319637337,54.80746489258183,13.594143564822936,2.5058564351770656,5.130856435177066,5.643356435177061,4.980856435177067,4.143356435177065,5.430856435177063,3.9308564351770627,2.4808564351770634,2.418356435177067,2.9308564351770627
Nov 07 2022 05:30AM,Ganges Securities Ltd,GANGESSECU,5585.4,14.798468911036277,54.11244151060281,106.11102813701721,3.1139718629827797,2.3264718629827854,2.926471862982794,7.888971862982771,0.6014718629827911,-1.2985281370172146,-1.7610281370172203,-2.6860281370172174,-1.9485281370172203,-2.961028137017209
Dec 23 2022 05:30AM,Ganges Securities Ltd,GANGESSECU,37294.8,56.48948689918012,53.00085053620388,124.25925865584998,-10.971758655849968,-8.371758655849959,-7.42175865584997,-5.79675865584997,-4.584258655849979,-1.6467586558499647,1.0157413441500296,0.12824134415002675,-3.159258655849982,-3.771758655849979
Jan 02 2023 05:30AM,Magadh Sugar &amp; Energy Ltd,MAGADSUGAR,42859.4,37.282310252158524,58.87144197950748,323.80692675308796,-27.731926753087976,-23.106926753087976,1.2680732469120244,-5.00692675308801,-2.756926753087953,4.868073246912047,6.805573246912047,1.1680732469120585,-4.156926753087987,-8.931926753087964
Nov 14 2022 05:30AM,Palash Securities Ltd,PALASHSECU,38494.2,34.9762428384113,59.99308554628643,104.50879159693096,-2.958791596930965,-3.6462915969309506,-6.371291596930973,-8.758791596930962,-10.871291596930973,-9.196291596930962,-10.258791596930962,-11.383791596930962,-6.271291596930951,-3.9212915969309563
Jan 06 2023 05:30AM,Lloyds Steels Industries Ltd,LSIL,9912239.6,38.890277100691314,61.166742691764796,17.02377295181033,-3.2237729518103286,-2.5737729518103283,-1.0987729518103304,-0.9112729518103286,-0.8862729518103301,-0.6487729518103293,-0.13627295181033006,0.7262270481896707,0.1137270481896735,-0.11127295181033148
Dec 15 2022 05:30AM,Bajaj Healthcare Ltd,BAJAJHCARE,61038.4,58.916824666148216,71.20123536944944,429.3878040806286,6.274695919371425,-3.387804080628598,-1.637804080628598,-3.175304080628621,-4.300304080628564,-11.962804080628587,-16.287804080628575,-9.98780408062862,-12.00030408062861,-4.125304080628609
Dec 29 2022 05:30AM,S J S Enterprises Ltd,SJS,58209.6,26.639286819761853,57.60826040855838,483.77744356451063,-17.452443564510588,-10.464943564510634,-2.239943564510611,5.347556435489366,10.772556435489378,11.985056435489412,14.110056435489412,11.735056435489355,6.447556435489389,0.8100564354894004
Jan 06 2023 05:30AM,Madhav Copper Ltd,MCL,17347.6,25.7351235297711,53.29588288633171,31.381718801924325,-3.056718801924326,-2.956718801924321,-0.969218801924324,0.11828119807567461,0.6057811980756718,0.34328119807567603,-0.6817188019243261,0.3932811980756732,0.780781198075676,-0.4192188019243268
Dec 15 2022 05:30AM,Creative Newtech Ltd,CREATIVE,99517.0,38.83947881572825,77.58881090674429,595.324543687339,29.300456312661026,10.15045631266105,2.0129563126611174,0.31295631266107193,-21.674543687338996,-51.29954368733888,-86.612043687339,-64.924543687339,-54.13704368733897,-62.62454368733893
Dec 23 2022 05:30AM,Geekay Wires Ltd,GEEKAYWIRE,33308.8,22.075346817938307,35.13515768704046,73.55085197937528,-5.300851979375281,-1.7883519793752782,3.761648020624719,3.249148020624716,3.3116480206247303,2.9241480206247132,1.6866480206247303,0.13664802062471892,0.5366480206247104,-1.0008519793752697
Dec 12 2022 05:30AM,Univastu India Ltd,UNIVASTU,731372.8,40.88432339781474,77.25584517620331,94.51131981934327,6.7761801806567235,9.476180180656726,15.23868018065673,14.726180180656726,10.78868018065674,10.426180180656715,5.6636801806567405,-1.3113198193432822,-9.461319819343274,-13.023819819343274
Dec 15 2022 05:30AM,KBC Global Ltd,KBCGLOBAL,9675799.2,36.411692193057824,67.56707694873154,3.4377344822134983,-0.012734482213498488,-0.05023448221349858,-0.012734482213498488,0.012265517786501867,-0.05023448221349813,-0.26273448221349804,-0.42523448221349813,-0.5127344822134985,-0.5752344822134985,-0.5377344822134984
Nov 23 2022 05:30AM,Orient Electric Ltd,ORIENTELEC,245966.0,15.840514832883043,63.51281484678043,272.8344574489673,5.5030425510326495,10.065542551032706,13.05304255103266,13.37804255103265,11.090542551032684,9.61554255103266,7.403042551032627,6.7530425510326495,5.8155425510326495,2.9030425510326836
Dec 08 2022 05:30AM,Banka Bioloo Ltd,BANKA,14420.6,49.79548591547697,62.16712144259371,83.34762495497206,-0.4351249549720677,-0.9476249549720563,-1.0851249549720592,-1.660124954972062,-2.4476249549720563,-2.4976249549720677,-3.835124954972059,-5.847624954972062,-5.447624954972056,-6.622624954972068
Dec 29 2022 05:30AM,Hemisphere Properties India Ltd,HEMIPROP,1407370.8,39.122424614368846,54.793690361152954,107.99024401923235,-5.49024401923235,-5.727744019232347,-0.4277440192323496,1.7722559807676532,0.4847559807676447,0.8597559807676447,1.8222559807676362,3.897255980767639,3.5847559807676532,1.3847559807676504
Nov 10 2022 05:30AM,Sintercom India Ltd,SINTERCOM,33507.2,33.07194422601539,82.6945835668786,100.96864001638656,2.056359983613447,-2.0186400163865557,0.3688599836134472,0.08135998361345287,0.2188599836134415,0.04385998361343013,-1.4811400163865613,-0.08114001638656987,7.431359983613447,11.268859983613453
Nov 30 2022 05:30AM,DSP BlackRock Liquid ETF,LIQUIDETF,45016.0,30.53675152175274,49.53070217527756,1000.2721348280165,-0.272134828016533,-0.2696348280164784,-0.272134828016533,-0.27463482801658756,-0.2696348280164784,-0.272134828016533,-0.27463482801658756,-0.27463482801658756,0.04536517198334877,-0.27463482801658756
Dec 22 2022 05:30AM,DSP BlackRock Liquid ETF,LIQUIDETF,37124.6,55.51714117503401,77.45125987624293,1002.4987960378239,-2.501296037823977,-2.4987960378239222,-2.501296037823977,-2.5037960378240314,-2.4987960378239222,-2.501296037823977,-2.991296037823986,-2.508796037823913,-2.501296037823977,-2.501296037823977
Dec 26 2022 05:30AM,E2E Networks Ltd,E2E,8836.4,17.974500103081255,49.73684511347679,191.7129727771508,0.3370272228492013,-7.225472777150799,3.4870272228491785,-2.1129727771508158,-3.2254727771507987,0.862027222849207,1.2120272228492013,-8.550472777150787,-7.437972777150804,-7.27547277715081
Dec 27 2022 05:30AM,Sonam Clock Ltd,SONAMCLOCK,114584.8,33.42516591679995,49.51339163816804,44.747369585841255,-0.7973695858412526,-0.8473695858412569,4.0026304141587445,7.302630414158742,5.5651304141587445,5.540130414158739,5.490130414158742,4.7526304141587445,3.352630414158746,4.740130414158749
Nov 23 2022 05:30AM,ICICI Prudential S&amp;P BSE Liquid Rate ETF,ICICILIQ,152033.8,77.20364324516447,47.84613693740907,999.9835229557439,0.006477044256143927,-0.09102295574393793,-0.0435229557438106,-0.10102295574392883,0.008977044256198496,-0.17352295574391974,0.496477044256153,0.021477044256016598,-0.008522955743956118,0.0714770442561985
Nov 23 2022 05:30AM,Easy Trip Planners Ltd,EASEMYTRIP,48220488.8,23.873518827755586,82.78872589056782,57.99347814002845,10.19402185997155,10.931521859971546,8.981521859971558,9.044021859971544,9.244021859971532,6.906521859971555,8.231521859971544,7.256521859971549,4.781521859971555,0.33152185997155215
Jan 02 2023 05:30AM,Suven Pharmaceuticals Ltd,SUVENPHAR,1180851.0,44.781335682881966,68.76442154295464,491.8272177423387,1.1852822576612994,1.2977822576613107,-6.564717742338644,-5.7897177423386665,-0.4647177423386779,2.635282257661288,0.23528225766131072,-0.4022177423386779,-0.677217742338712,-2.177217742338655
Dec 01 2022 05:30AM,Nippon India ETF Nifty IT,ITBEES,5128120.8,57.71752465176262,63.9057525866769,31.55543178201375,0.4995682179862513,0.8770682179862561,0.7195682179862501,0.3745682179862513,0.04956821798625555,0.09456821798625015,-0.5729317820137467,-1.1554317820137499,-1.075431782013748,-0.7404317820137472
Dec 09 2022 05:30AM,Sigachi Industries Ltd,SIGACHI,162716.4,39.15251649244613,66.42424064423473,295.1040504558458,-3.366550455845811,-7.0040504558458565,-1.3790504558457997,-1.0790504558457883,-1.366550455845811,-11.616550455845811,-16.979050455845822,-17.641550455845845,-17.579050455845845,-26.3165504558458
Jan 05 2023 05:30AM,Sigachi Industries Ltd,SIGACHI,34331.8,24.84344167800976,50.82570164195895,275.100038035489,-16.750038035488956,-22.325038035488973,-10.162538035488978,-5.612538035488967,-0.9875380354889671,-1.5500380354889671,-3.8875380354890012,0.41246196451101014,1.5999619645110101,0.6124619645109988
Nov 30 2022 05:30AM,Kotak IT ETF,KOTAKIT,113727.4,53.42129432074593,61.53123231630707,31.442840506765215,-0.10284050676521161,1.0421594932347844,0.6746594932347847,0.859659493234787,0.24465949323478497,-0.055340506765215736,-0.12284050676521474,-0.8303405067652143,-1.2453405067652135,-1.0603405067652147
Dec 01 2022 05:30AM,Axis Nifty IT ETF,AXISTECETF,3439.8,52.79101274041125,66.28622494043354,314.0831829725364,6.121817027463578,8.411817027463599,6.761817027463621,0.8668170274635827,-0.6206829725364287,-1.7656829725364105,-7.940682972536365,-6.978182972536388,-10.995682972536429,-6.87318297253637
Dec 28 2022 05:30AM,Glenmark Life Sciences Ltd,GLS,76353.0,16.92626738825687,39.97789734815599,416.00695211803395,-1.6944521180339507,-3.5069521180339507,-0.13195211803395068,-5.231952118033973,-5.169452118033973,1.630547881965981,2.655547881966015,3.380547881966038,4.005547881966038,2.5805478819660834
Dec 28 2022 05:30AM,Rategain Travel Technologies Ltd,RATEGAIN,223810.0,21.600228260050976,42.23724012361891,278.1685765378847,-7.931076537884735,-7.756076537884667,3.1439234621153105,6.118923462115333,7.3314234621153105,9.20642346211531,11.193923462115322,18.068923462115322,21.7814234621153,22.106423462115288
Dec 06 2022 05:30AM,Aditya Birla Sun Life Nifty IT ETF,TECH,13698.6,28.979709065933175,70.70911182438633,31.631723099983162,-0.07672309998316251,-0.2742230999831605,-0.7792230999831631,-1.13422309998316,-1.966723099983163,-1.6292230999831645,-1.2767230999831582,-1.664223099983161,-2.2142230999831654,-1.1542230999831595
Jan 05 2023 05:30AM,Nupur Recyclers Ltd,NRL,8580.0,32.252190524909395,40.84302088307996,137.97016582816957,3.21733417183043,-3.5201658281695813,3.9173341718304187,3.27983417183043,2.3548341718304187,3.8798341718304243,1.2548341718304243,-1.6451658281695813,-0.30766582816954724,-0.6201658281695757
Jan 05 2023 05:30AM,Mirae Asset Hang Seng TECH ETF,MAHKTECH,365086.8,39.20650687001944,64.18757471596064,15.136903918386436,-0.7669039183864346,-0.7494039183864345,-0.46440391838643436,-0.004403918386435279,-0.3519039183864354,-0.4094039183864364,-0.14940391838643663,-0.15190391838643613,0.20559608161356557,0.5730960816135653
Jan 06 2023 05:30AM,Motilal Oswal Nasdaq Q 50 ETF,MONQ50,42740.4,30.22723820642633,45.09261610155135,52.12037979466071,-0.0053797946607048175,0.09212020533929888,0.07462020533929348,-0.17787979466070425,-0.4928797946607091,1.2946202053392852,0.6771202053392926,0.5121202053392935,0.05712020533929518,-0.3053797946607091
Jan 03 2023 05:30AM,ICICI Prudential Nifty Auto ETF,ICICIAUTO,24776.6,25.04560101377836,45.58201612316187,127.70006627708514,-2.7225662770851358,-3.41006627708515,-1.1625662770851335,-0.39006627708513975,-0.5250662770851307,0.04993372291485798,0.35993372291486025,-0.3925662770851517,-0.5375662770851477,0.43993372291487276
Jan 06 2023 05:30AM,ICICI Prudential Nifty Auto ETF,ICICIAUTO,22575.4,26.49341427963216,47.12993237102799,127.73657078463565,-2.7590707846356395,-3.4465707846356537,-1.1990707846356372,-0.42657078463564346,-0.5615707846356344,0.013429215364354263,0.32342921536435654,-0.4290707846356554,-0.5740707846356514,0.40342921536436904
