Jun 27 2023 12:30PM,ACC Ltd,ACC,336089.4,22.21901160577382,39.13391396379433,1791.1,-2.5,22.15000000000009,24.0,14.400000000000091,23.90000000000009,28.25,34.0,28.850000000000136,32.90000000000009,23.40000000000009,GRRR 1781.3583333333333 1782.5166666666667,PP
Jun 28 2023 12:30PM,ACC Ltd,ACC,279308.6,21.992627268846867,48.44803604390791,1813.3,1.7999999999999545,-7.7999999999999545,1.7000000000000455,6.0499999999999545,11.799999999999955,6.650000000000091,10.700000000000045,1.2000000000000455,7.5,0.0,GRGR 1781.3583333333333 1782.5166666666667,PP
Jul 26 2023 08:30AM,ACC Ltd,ACC,647578.0,20.19945417312309,72.52283118395292,1889.0,0.0,27.59999999999991,33.5,38.799999999999955,51.5,49.34999999999991,56.0,129.70000000000005,129.0,116.0,GGGG 1807.0249999999999 1815.3166666666666,PP
Jun 13 2023 08:30AM,Aegis Logistics Ltd,AEGISCHEM,273844.6,25.599027431519055,48.31154343046465,348.0,-1.3000000000000114,-0.8999999999999773,-0.8000000000000114,-0.30000000000001137,3.4499999999999886,2.3000000000000114,0.6499999999999773,-1.0,-1.25,-1.5,GGRG 342.94999999999993 332.19999999999993,PP
Jul 03 2023 12:30PM,Aegis Logistics Ltd,AEGISCHEM,303340.0,28.436671452792286,39.32667331391186,325.6,1.7999999999999545,2.4499999999999886,3.2999999999999545,24.25,27.399999999999977,21.399999999999977,19.799999999999955,13.399999999999977,18.099999999999966,25.549999999999955,GRGG 306.67968749999994 300.48333333333335,PP
Jul 06 2023 12:30PM,Aegis Logistics Ltd,AEGISCHEM,1479146.2,27.165370943847655,61.453609302998146,347.0,-1.6000000000000227,-8.0,-3.3000000000000114,4.149999999999977,19.899999999999977,14.199999999999989,15.050000000000011,7.800000000000011,10.0,2.4499999999999886,GGGG 342.42031249999997 332.31666666666666,PP
Jul 11 2023 08:30AM,Aegis Logistics Ltd,AEGISCHEM,1777074.8,25.03918484515751,70.65566469452364,366.9,-5.699999999999989,-4.849999999999966,-12.099999999999966,-9.899999999999977,-17.44999999999999,-20.5,-16.75,-14.899999999999977,-12.849999999999966,-10.549999999999955,GGRR 342.42031249999997 332.31666666666666,TrianglePatternWithHAPP
Jun 14 2023 12:30PM,Bombay Burmah Trading Corporation Ltd,BBTC,511152.2,36.75777851588156,71.09371898851343,1043.15,11.299999999999955,18.649999999999864,11.75,8.75,7.849999999999909,3.3999999999998636,-0.0500000000001819,20.699999999999818,11.799999999999955,22.199999999999818,GGGR 983.4729166666666 983.75,PP
Jul 06 2023 09:30AM,Bombay Burmah Trading Corporation Ltd,BBTC,118129.6,42.881330990932064,72.03191671858171,1125.05,9.700000000000045,13.950000000000045,-7.149999999999864,-11.049999999999955,-7.4500000000000455,6.850000000000136,20.90000000000009,14.950000000000045,21.90000000000009,15.350000000000136,GGGR 1013.1875 1016.2166666666667,TrianglePatternWithHAPP
Jun 06 2023 08:30AM,Coromandel International Ltd,COROMANDEL,174998.0,18.1278445287337,57.98801587783666,958.0,-6.5,-3.0,11.350000000000023,7.75,-1.4500000000000455,-6.5,-16.549999999999955,-25.100000000000023,-33.60000000000002,-25.850000000000023,GGRR 948.9375 957.9666666666667,PP
Jun 07 2023 12:30PM,Coromandel International Ltd,COROMANDEL,193403.0,17.316151649532344,61.43365686201774,969.35,-3.6000000000000227,-12.800000000000068,-17.850000000000023,-27.899999999999977,-36.450000000000045,-44.950000000000045,-37.200000000000045,-31.5,-33.39999999999998,-20.300000000000068,GRGG 948.9375 957.9666666666667,TrianglePatternWithHAPP
Jul 04 2023 08:30AM,Coromandel International Ltd,COROMANDEL,236795.0,14.612800969496968,63.94698797205993,966.25,-4.25,-9.350000000000023,-3.9500000000000455,-5.25,-1.2999999999999545,11.75,-1.0,-5.25,-12.299999999999955,-5.5499999999999545,GGGG 946.5458333333332 945.9833333333332,PP
Jul 18 2023 09:30AM,Coromandel International Ltd,COROMANDEL,340136.6,21.226248935360534,54.41265232622582,955.0,-8.899999999999977,3.2999999999999545,-3.2999999999999545,-5.0499999999999545,6.4500000000000455,9.649999999999977,13.649999999999977,23.0,22.100000000000023,15.149999999999977,GGRR 946.5458333333332 945.9833333333332,PP
Jul 19 2023 12:30PM,Coromandel International Ltd,COROMANDEL,173578.0,17.074595200998086,49.42901246973857,951.7,-1.75,9.75,12.949999999999932,16.949999999999932,26.299999999999955,25.399999999999977,18.449999999999932,10.75,16.299999999999955,44.799999999999955,GRRG 946.5458333333332 945.9833333333332,PP
Jun 19 2023 12:30PM,Finolex Cables Ltd,FINCABLES,251221.8,27.588134693484356,64.58367122552293,864.45,-11.450000000000045,-19.25,-24.450000000000045,-26.450000000000045,-36.450000000000045,-41.05000000000007,-41.55000000000007,-49.700000000000045,-50.450000000000045,-63.200000000000045,GGGG 853.9874999999998 837.2999999999998,PP
Jul 04 2023 09:30AM,Finolex Cables Ltd,FINCABLES,349407.6,21.280488969670966,62.11874943269279,857.35,-4.300000000000068,-18.200000000000045,-20.5,-17.200000000000045,-32.10000000000002,-27.350000000000023,-44.85000000000002,-38.35000000000002,-44.200000000000045,-49.75,GGGG 832.0833333333334 842.0,PP
Jul 14 2023 08:30AM,Finolex Cables Ltd,FINCABLES,419365.8,18.83146166970988,62.987498479574775,865.0,10.950000000000045,9.950000000000045,2.1499999999999773,-0.049999999999954525,6.9500000000000455,35.10000000000002,92.79999999999995,112.64999999999998,131.10000000000002,131.95000000000005,GGGG 832.0833333333334 842.0,TrianglePatternWithHAPP
Jun 19 2023 08:30AM,Saregama India Ltd,SAREGAMA,528063.6,40.81335802435134,70.16200363144523,339.75,8.149999999999977,2.9499999999999886,30.94999999999999,34.89999999999998,63.75,69.05000000000001,64.80000000000001,67.30000000000001,58.44999999999999,56.94999999999999,GGGG 321.68333333333334 321.90000000000003,PP
Jul 28 2023 08:30AM,Saregama India Ltd,SAREGAMA,246523.0,36.96745360725402,42.09621841583526,411.75,21.75,33.69999999999999,12.199999999999989,4.100000000000023,-0.44999999999998863,-8.75,-4.75,-19.75,-18.75,2.4499999999999886,GRRR 306.92499999999995 331.0,PP
Jul 31 2023 08:30AM,Saregama India Ltd,SAREGAMA,148612.2,42.2541277093455,41.338601090415025,407.0,26.5,38.44999999999999,16.94999999999999,8.850000000000023,4.300000000000011,-4.0,0.0,-15.0,-14.0,7.199999999999989,GGGR 375.0125 387.05,PP
Jul 04 2023 12:30PM,Ambuja Cements Ltd,AMBUJACEM,2053696.2,19.546004702238893,44.88316269785248,434.0,-1.3000000000000114,-4.25,-1.0500000000000114,-1.3000000000000114,-2.5,-14.850000000000023,-16.05000000000001,-14.5,-14.5,-13.050000000000011,GGRR 432.2338541666666 438.2333333333333,PP
Jul 27 2023 08:30AM,Ambuja Cements Ltd,AMBUJACEM,2485563.6,26.92869891150216,70.68212852110682,444.5,-3.0,-0.35000000000002274,-1.0,1.8500000000000227,5.25,7.449999999999989,9.5,20.5,19.44999999999999,14.350000000000023,GGGG 432.2338541666666 438.2333333333333,PP
Jun 15 2023 08:30AM,Hindalco Industries Ltd,HINDALCO,2546547.0,24.409057701928283,59.63017483041829,424.5,-1.6000000000000227,-1.4499999999999886,5.0,2.4499999999999886,2.6999999999999886,1.6499999999999773,5.699999999999989,4.449999999999989,-5.100000000000023,-3.5500000000000114,GGGG 423.3458333333333 417.8833333333334,PP
Jun 19 2023 09:30AM,Hindalco Industries Ltd,HINDALCO,3015639.4,27.31634296751547,59.44030571306696,428.4,-1.1999999999999886,-2.25,1.8000000000000114,0.5500000000000114,-9.0,-7.449999999999989,-8.099999999999966,-8.349999999999966,-16.649999999999977,-20.649999999999977,GGRR 423.3458333333333 417.8833333333334,PP
Jun 21 2023 09:30AM,Hindalco Industries Ltd,HINDALCO,2603685.2,30.087635797237933,60.337725111458354,424.8,-5.400000000000034,-3.8500000000000227,-4.5,-4.75,-13.050000000000011,-17.05000000000001,-13.850000000000023,-10.100000000000023,-7.0,-7.050000000000011,GGRG 423.3458333333333 417.8833333333334,PP
Jul 03 2023 12:30PM,Hindalco Industries Ltd,HINDALCO,2065425.2,17.452257317624923,57.15341642854902,424.15,1.5,1.8000000000000114,1.650000000000034,-1.25,-2.6499999999999773,-2.1499999999999773,3.1000000000000227,-5.099999999999966,-2.0,2.9500000000000455,GGGG 419.0 420.01666666666665,PP
Jul 07 2023 08:30AM,Hindalco Industries Ltd,HINDALCO,2173785.8,17.047433285123496,59.96269555765667,427.25,-8.199999999999989,-5.100000000000023,-0.14999999999997726,0.8500000000000227,-0.8500000000000227,-2.9499999999999886,-4.5,-2.3999999999999773,9.550000000000011,8.75,GRRR 419.0 420.01666666666665,PP
Jul 10 2023 12:30PM,Hindalco Industries Ltd,HINDALCO,3313572.0,16.319809619267414,57.175089261956956,427.1,1.0,-0.7000000000000455,-2.8000000000000114,-4.350000000000023,-2.25,9.699999999999989,8.899999999999977,15.149999999999977,20.75,25.349999999999966,GRRG 419.0 420.01666666666665,PP
Jun 09 2023 12:30PM,Linde India Ltd,LINDEINDIA,8329.8,16.221599087885668,54.13297662733005,3993.85,-2.849999999999909,233.79999999999973,204.1500000000001,395.0499999999997,431.0999999999999,566.1500000000001,629.1500000000001,499.2999999999997,444.1500000000001,499.5499999999997,GRRR 3963.225 3958.85,PP
Jun 27 2023 12:30PM,Tata Steel Long Products Ltd,TATASTLLP,12814.2,27.59964742753047,48.67333598914036,665.5,4.5,6.850000000000023,7.600000000000023,11.399999999999977,9.049999999999955,18.549999999999955,18.600000000000023,18.049999999999955,14.399999999999977,20.25,GGRR 648.8833333333333 647.0666666666666,PP
Jul 18 2023 08:30AM,KSB Ltd,KSB,12084.4,23.239255093625843,49.61599655104439,2105.0,7.300000000000182,44.75,60.75,72.15000000000009,75.09999999999991,94.0,89.69999999999982,80.94999999999982,87.90000000000009,74.55000000000018,GGGR 2066.6583333333338 2070.3,PP
Jul 21 2023 12:30PM,KSB Ltd,KSB,15668.0,23.24535223161316,65.21004218794458,2193.15,-7.200000000000273,-0.25,-13.599999999999909,3.949999999999818,7.799999999999727,23.0,33.84999999999991,30.84999999999991,23.449999999999818,22.5,GGGG 2165.829166666667 2167.65,PP
Jun 06 2023 08:30AM,Rallis India Ltd,RALLIS,153048.4,27.42350825888104,53.42949357285677,191.5,-1.6500000000000057,-2.5,-0.3499999999999943,-1.5,1.8499999999999943,0.19999999999998863,1.0,0.6999999999999886,1.6500000000000057,1.4499999999999886,GGGG 191.15 190.91666666666666,PP
Jun 09 2023 12:30PM,Rallis India Ltd,RALLIS,430603.2,40.34765748117697,55.0316390109496,192.5,-0.30000000000001137,0.6500000000000057,0.44999999999998863,0.5999999999999943,0.25,3.8499999999999943,2.9000000000000057,2.9000000000000057,1.25,2.5,GGGG 191.15 190.91666666666666,PP
Jun 27 2023 12:30PM,Tinplate Company of India Ltd,TINPLATE,36640.8,29.194759935877848,45.65880476020608,327.65,-0.8499999999999659,2.25,2.0500000000000114,5.4500000000000455,4.9500000000000455,8.350000000000023,7.600000000000023,7.800000000000011,6.850000000000023,8.950000000000045,GRRR 322.66249999999997 321.21666666666664,PP
Jul 14 2023 12:30PM,Mphasis Ltd,MPHASIS,477180.4,19.909145966678654,74.41238729799778,2025.9,49.09999999999991,149.1500000000001,97.09999999999991,100.15000000000009,100.09999999999991,116.75,143.9000000000001,180.4000000000001,189.0999999999999,277.8499999999999,GGGG 1924.5833333333333 1914.8666666666668,PP
Jul 17 2023 08:30AM,Igarashi Motors India Ltd,IGARASHI,18985.2,16.50063309423778,44.40298969404522,467.5,20.850000000000023,18.5,11.800000000000011,20.44999999999999,23.600000000000023,23.80000000000001,24.80000000000001,24.5,11.699999999999989,6.850000000000023,GRRR 460.8687499999999 482.5833333333333,PP
Jun 28 2023 12:30PM,Praj Industries Ltd,PRAJIND,259385.2,27.59903113706909,45.43558325316809,379.15,0.1500000000000341,3.4500000000000455,-2.4499999999999886,-1.1499999999999773,-2.349999999999966,-4.7999999999999545,-8.649999999999977,-6.7999999999999545,-10.099999999999966,-7.149999999999977,GRRR 369.7729166666666 378.2333333333333,PP
Jul 10 2023 12:30PM,Praj Industries Ltd,PRAJIND,3335041.8,24.276267063842138,71.41558276774322,409.6,0.14999999999997726,-4.2000000000000455,-2.6000000000000227,-2.75,1.25,-1.25,-11.100000000000023,-6.100000000000023,-3.6000000000000227,15.549999999999955,GGGR 380.85312500000003 382.0833333333333,PP
Jul 05 2023 12:30PM,Kirloskar Ferrous Industries Ltd,KIRLFER,85042.8,19.103164226857142,57.818072432443124,484.3,-6.150000000000034,-8.850000000000023,-11.300000000000011,-5.800000000000011,-4.800000000000011,-5.449999999999989,-0.5,18.349999999999966,19.69999999999999,10.699999999999989,GGRR 468.3416666666667 471.0,PP
Jul 11 2023 12:30PM,Ugro Capital Ltd,UGROCAP,232691.2,25.61481869824555,50.60477146167543,230.5,-4.0,-7.349999999999994,-7.25,-2.5,-6.599999999999994,-3.0999999999999943,-5.300000000000011,-8.300000000000011,-11.0,-0.44999999999998863,GRRR 220.71666666666667 233.51666666666665,PP
Jul 19 2023 08:30AM,Ugro Capital Ltd,UGROCAP,370314.4,20.45148701627345,59.574618163338265,239.0,26.5,27.0,23.94999999999999,21.350000000000023,20.149999999999977,20.850000000000023,20.600000000000023,18.899999999999977,17.600000000000023,17.05000000000001,GGRR 220.71666666666667 233.51666666666665,TrianglePatternWithHAPP
Jul 05 2023 08:30AM,Poonawalla Fincorp Ltd,POONAWALLA,1772745.8,15.136076824880728,67.17076906205632,359.45,11.550000000000011,10.0,9.75,3.0500000000000114,-2.3000000000000114,2.6999999999999886,0.8500000000000227,3.4499999999999886,6.550000000000011,4.900000000000034,GGGR 342.3911458333334 346.3833333333334,TrianglePatternWithHAPP
Jun 08 2023 08:30AM,Shilpa Medicare Ltd,SHILPAMED,984451.2,21.675329215622707,47.87183697233027,239.0,0.5,-1.25,-2.25,-1.3000000000000114,-3.3000000000000114,-2.4000000000000057,0.30000000000001137,0.30000000000001137,-2.0,-1.9000000000000057,GGRR 232.44166666666666 225.16666666666663,PP
Jun 21 2023 12:30PM,Shilpa Medicare Ltd,SHILPAMED,2532956.6,43.01035888817421,64.22408523593636,257.65,-2.9499999999999886,2.0500000000000114,-3.599999999999966,0.0,-8.799999999999983,-4.649999999999977,-3.4999999999999716,-5.949999999999989,-9.249999999999972,-7.899999999999977,GGGG 251.07083333333333 247.4333333333333,PP
Jun 23 2023 12:30PM,Shilpa Medicare Ltd,SHILPAMED,820044.2,43.293370183883724,60.55096339234056,257.65,-8.799999999999983,-4.649999999999977,-3.4999999999999716,-5.949999999999989,-9.249999999999972,-7.899999999999977,-12.049999999999983,17.75,27.350000000000023,29.05000000000001,GRRR 251.07083333333333 247.4333333333333,PP
Jun 27 2023 08:30AM,Shilpa Medicare Ltd,SHILPAMED,473689.6,39.84014173708471,55.98620372293338,254.15,-2.450000000000017,-5.75,-4.400000000000006,-8.550000000000011,21.24999999999997,30.849999999999994,32.54999999999998,32.849999999999994,42.79999999999998,50.349999999999994,GRRG 251.07083333333333 247.4333333333333,PP
Jul 03 2023 08:30AM,Shilpa Medicare Ltd,SHILPAMED,2160191.8,34.841641536929785,71.13673873509282,285.0,1.6999999999999886,2.0,11.949999999999989,19.5,20.69999999999999,18.0,16.05000000000001,9.399999999999977,11.149999999999977,11.0,GGRR 251.07083333333333 247.4333333333333,TrianglePatternWithHAPP
Jun 06 2023 08:30AM,Oil India Ltd,OIL,717161.0,21.60108565161438,40.95559647294006,255.0,-0.9000000000000057,-0.8499999999999943,-1.0,-1.0,-1.5,-2.0,-1.9499999999999886,1.6000000000000227,1.4499999999999886,1.1499999999999773,GRRR 250.175 248.55,PP
Jul 03 2023 12:30PM,Oil India Ltd,OIL,2338426.8,27.77655416186488,40.02085457375927,244.05,0.9499999999999886,3.4499999999999886,2.3999999999999773,3.25,5.299999999999983,6.0,5.949999999999989,8.299999999999983,9.849999999999994,10.599999999999994,GGGR 241.63333333333327 238.06666666666666,PP
Jul 10 2023 08:30AM,Oil India Ltd,OIL,558191.4,28.17905889521142,64.2642629412191,253.9,0.75,0.5999999999999943,-0.700000000000017,0.5,1.4499999999999886,1.25,1.5,1.549999999999983,3.4000000000000057,2.0999999999999943,GGGG 249.81666666666663 248.03333333333333,PP
Jun 07 2023 12:30PM,KRBL Ltd,KRBL,192776.6,29.50551557695344,32.19918711189103,363.35,-3.3000000000000114,-3.4500000000000455,-3.6000000000000227,-4.900000000000034,-5.800000000000011,-15.800000000000011,-19.200000000000045,-16.25,-14.550000000000011,-10.350000000000023,GRRR 358.81875 344.9666666666667,PP
Jul 14 2023 08:30AM,KRBL Ltd,KRBL,350900.4,14.72843430813542,53.540702103695814,352.2,-3.6999999999999886,-2.1999999999999886,2.5500000000000114,0.9499999999999886,-0.14999999999997726,3.1999999999999886,22.400000000000034,21.400000000000034,27.150000000000034,25.94999999999999,GRRR 337.575 327.9333333333332,TrianglePatternWithHAPP
Jul 20 2023 08:30AM,KRBL Ltd,KRBL,822688.8,15.593849281730078,70.63331164492959,373.7,5.650000000000034,4.449999999999989,-6.300000000000011,-3.349999999999966,9.400000000000034,6.5,6.550000000000011,7.0,9.800000000000011,1.6000000000000227,GGGR 356.9375 352.1166666666666,PP
Jul 03 2023 12:30PM,Indian Bank,INDIANB,1005887.2,16.02225445081577,69.79243632375963,296.95,0.9000000000000341,8.0,3.3500000000000227,8.050000000000011,7.900000000000034,8.0,8.300000000000011,9.150000000000034,10.900000000000034,13.25,GGGR 281.7338541666666 285.3333333333333,PP
Jun 19 2023 12:30PM,Emami Ltd,EMAMILTD,1019670.6,24.595095904104287,72.92066068974128,414.9,1.25,0.35000000000002274,-1.25,3.900000000000034,0.20000000000004547,3.3000000000000114,2.8500000000000227,-2.8999999999999773,-2.5,3.7000000000000455,GGGG 389.14374999999995 395.68333333333334,PP
Jul 06 2023 08:30AM,Jindal Worldwide Ltd,JINDWORLD,99522.6,25.18347491592674,50.442257244281095,322.45,5.550000000000011,2.650000000000034,-0.39999999999997726,2.6999999999999886,-0.44999999999998863,-1.1999999999999886,2.25,-0.44999999999998863,-1.5,-1.099999999999966,GGRR 310.9166666666667 300.4166666666667,PP
Aug 01 2023 12:30PM,Jindal Worldwide Ltd,JINDWORLD,276067.8,29.42954964365598,76.03148022561571,348.65,-32.049999999999955,-31.849999999999966,-33.14999999999998,-35.19999999999999,-36.19999999999999,-37.849999999999966,-38.64999999999998,-36.25,-36.75,-0.25,GRRR 300.03203125 299.79999999999995,TrianglePatternWithHAPP
Jun 06 2023 08:30AM,Best Agrolife Ltd,BESTAGRO,156858.6,28.474710700763257,55.4316597370875,1038.0,4.5,3.0,11.799999999999955,-5.25,0.7000000000000455,-4.0,38.0,33.0,16.40000000000009,19.450000000000045,GGGG 991.6083333333332 972.5,PP
Jun 21 2023 08:30AM,Tips Industries Ltd,TIPSINDLTD,137937.4,72.80254642752575,71.72265243441727,228.0,8.0,14.25,8.300000000000011,5.699999999999989,0.0,-7.0,6.050000000000011,9.550000000000011,16.69999999999999,27.0,GGGG 221.2165625 178.36666666666667,PP
Jun 27 2023 08:30AM,Tips Industries Ltd,TIPSINDLTD,130536.8,67.57391311530668,64.16624933584676,237.2,7.5,17.80000000000001,20.44999999999999,27.150000000000034,30.19999999999999,30.80000000000001,39.25,33.55000000000001,35.55000000000001,33.900000000000034,GGRR 221.2165625 178.36666666666667,PP
Jun 08 2023 12:30PM,NTPC Ltd,NTPC,6229476.8,18.65379730873639,71.97931782984902,182.25,-0.19999999999998863,0.0,0.5,3.6500000000000057,3.4499999999999886,3.4000000000000057,3.0999999999999943,5.849999999999994,4.949999999999989,4.800000000000011,GGGG 175.42499999999998 175.23333333333335,TrianglePatternWithHAPP
Jun 19 2023 12:30PM,Granules India Ltd,GRANULES,802124.8,22.790291517960465,66.01790616013425,296.0,-1.25,-2.6000000000000227,-2.75,-4.949999999999989,-5.050000000000011,-5.800000000000011,-8.050000000000011,-9.850000000000023,-9.050000000000011,-6.199999999999989,GGGG 291.09999999999997 288.06666666666666,PP
Jun 28 2023 08:30AM,Granules India Ltd,GRANULES,754496.6,18.965986807665274,64.90672624725056,297.2,3.150000000000034,3.400000000000034,-1.1999999999999886,0.0,3.650000000000034,1.4499999999999886,-1.8000000000000114,-1.6999999999999886,-1.599999999999966,-1.8999999999999773,GGGR 291.09999999999997 288.06666666666666,PP
Jul 13 2023 08:30AM,Ajanta Pharma Ltd,AJANTPHARM,75825.2,19.732010420891022,45.200194859272514,1418.0,-5.2999999999999545,-3.0,23.5,24.15000000000009,26.450000000000045,26.0,6.4500000000000455,-0.599999999999909,-2.9500000000000455,-13.049999999999955,GGRG 1407.65625 1441.1833333333334,PP
Jul 14 2023 12:30PM,Ajanta Pharma Ltd,AJANTPHARM,71601.8,17.39203946596,50.86956725164797,1441.5,0.650000000000091,2.9500000000000455,2.5,-17.049999999999955,-24.09999999999991,-26.450000000000045,-36.549999999999955,-46.5,-39.5,-26.450000000000045,GRRG 1407.65625 1441.1833333333334,PP
Jul 25 2023 09:30AM,Ajanta Pharma Ltd,AJANTPHARM,44041.2,16.398859042680844,49.13297990878386,1432.25,114.75,78.54999999999995,71.45000000000005,73.59999999999991,131.6500000000001,120.29999999999995,233.45000000000005,167.75,262.95000000000005,267.75,GGGG 1407.65625 1441.1833333333334,PP
Jul 03 2023 12:30PM,Gland Pharma Ltd,GLAND,713060.8,29.184919794150538,66.70819833648382,1066.15,-1.5,-5.050000000000182,-14.350000000000136,-0.8500000000001364,-4.150000000000091,-6.150000000000091,-4.150000000000091,-9.550000000000182,-19.15000000000009,25.799999999999955,GGGG 1041.1755208333332 1022.3333333333334,PP
Jul 26 2023 08:30AM,Dollar Industries Ltd,DOLLAR,61576.4,16.331092843371035,60.18249217198905,380.55,0.0,17.899999999999977,17.75,32.099999999999966,31.649999999999977,33.25,53.55000000000001,54.69999999999999,55.64999999999998,41.89999999999998,GGGG 374.5833333333333 377.01666666666665,PP
Jun 14 2023 08:30AM,Vaibhav Global Ltd,VAIBHAVGBL,44596.6,33.130834705975836,65.29227038178323,312.5,-3.4499999999999886,-4.600000000000023,-2.8500000000000227,-7.149999999999977,-3.6999999999999886,-4.0,2.8000000000000114,1.0,-0.5500000000000114,1.5,GGGG 309.5020833333333 307.15000000000003,PP
Jun 20 2023 08:30AM,Vaibhav Global Ltd,VAIBHAVGBL,95323.4,34.828120462384106,60.00605070103483,313.5,-1.5500000000000114,0.5,2.3500000000000227,2.0,-0.75,-0.75,-4.399999999999977,-6.149999999999977,-6.399999999999977,-6.300000000000011,GGGR 309.5020833333333 307.15000000000003,TrianglePatternWithHAPP
Jul 03 2023 12:30PM,Vaibhav Global Ltd,VAIBHAVGBL,48869.2,24.237214116404285,51.92853059372871,310.45,1.650000000000034,1.5,-0.8499999999999659,-1.6999999999999886,-2.4499999999999886,-1.849999999999966,-2.4499999999999886,-0.25,-0.44999999999998863,-5.099999999999966,GRRR 308.01666666666665 308.6666666666667,PP
Jul 07 2023 12:30PM,Vaibhav Global Ltd,VAIBHAVGBL,59701.0,25.186760836263623,52.21694678350226,310.2,-0.19999999999998863,-4.849999999999966,-6.149999999999977,-4.699999999999989,-5.800000000000011,-7.699999999999989,-8.800000000000011,-7.349999999999966,-6.899999999999977,-6.699999999999989,GRRR 308.01666666666665 308.6666666666667,PP
Jul 18 2023 12:30PM,Vaibhav Global Ltd,VAIBHAVGBL,608279.8,22.891508603791376,84.5200115417913,344.5,4.699999999999989,-0.6000000000000227,-0.35000000000002274,-7.949999999999989,-9.300000000000011,-4.449999999999989,-1.0,-1.5,-2.0,-1.1000000000000227,GGGG 308.01666666666665 308.6666666666667,PP
Jul 12 2023 12:30PM,Bharat Dynamics Ltd,BDL,2397601.8,23.512857028802493,67.68070005744947,1223.15,6.349999999999909,2.849999999999909,-9.150000000000091,-39.05000000000018,-40.65000000000009,-52.65000000000009,-56.700000000000045,-69.60000000000014,-67.20000000000005,-58.05000000000018,GGGR 1128.6119791666667 1144.3166666666666,PP
Jul 04 2023 12:30PM,Metro Brands Ltd,METROBRAND,65685.2,18.657997987335797,45.95997265223394,959.45,-1.75,3.349999999999909,6.5499999999999545,26.399999999999977,38.59999999999991,53.0,42.549999999999955,44.549999999999955,44.64999999999998,46.049999999999955,GGRR 952.4880208333333 968.4833333333332,PP
Jul 05 2023 12:30PM,Metro Brands Ltd,METROBRAND,39096.4,16.65211750338258,47.500071487029665,962.8,3.2000000000000455,23.050000000000068,35.25,49.65000000000009,39.200000000000045,41.200000000000045,41.30000000000007,42.700000000000045,43.0,59.80000000000007,GGGG 952.4880208333333 968.4833333333332,PP
Jun 27 2023 08:30AM,Adani Power Ltd,ADANIPOWER,3317375.2,28.16943452983111,38.89248980146394,251.2,2.8500000000000227,2.0,3.700000000000017,3.6000000000000227,0.950000000000017,-1.1999999999999886,-1.5999999999999943,-3.1499999999999773,-2.0,-4.099999999999994,GRRR 238.39791666666667 245.5,PP
Jul 31 2023 09:30AM,Adani Power Ltd,ADANIPOWER,2673619.2,26.55048107927774,62.26065399279898,265.55,-3.8500000000000227,-4.800000000000011,-10.100000000000023,-12.100000000000023,-12.050000000000011,-8.699999999999989,-7.5,2.5,7.800000000000011,9.099999999999966,GGRR 253.87812499999998 255.73333333333335,PP
Jun 27 2023 08:30AM,Sona BLW Precision Forgings Ltd,SONACOMS,448361.0,17.13664405796606,47.4702724121878,514.5,5.0499999999999545,4.2999999999999545,4.7000000000000455,0.049999999999954525,-2.8999999999999773,1.7999999999999545,3.3500000000000227,0.35000000000002274,-2.8999999999999773,-4.75,GGRR 507.6458333333333 531.05,PP
Jul 07 2023 08:30AM,Sona BLW Precision Forgings Ltd,SONACOMS,547232.8,15.894161820225197,57.6946896539567,523.5,14.399999999999977,11.75,13.049999999999955,9.5,21.0,17.5,19.149999999999977,19.0,24.75,18.899999999999977,GGGR 514.8895833333332 521.9333333333333,PP
Jul 07 2023 12:30PM,Torrent Power Ltd,TORNTPOWER,1275211.4,19.355236048014607,53.80847221995065,636.0,0.2999999999999545,-9.350000000000023,-16.950000000000045,-8.850000000000023,-13.25,-7.149999999999977,-10.149999999999977,-20.450000000000045,-23.899999999999977,-20.600000000000023,GGGG 624.9359375 629.55,PP
Jul 27 2023 12:30PM,Torrent Power Ltd,TORNTPOWER,553656.0,17.58311060645755,58.79377438390358,635.95,-22.25,-4.9500000000000455,5.5499999999999545,0.0,-5.150000000000091,22.549999999999955,34.0,36.64999999999998,42.25,35.19999999999993,GGGG 624.9359375 629.55,PP
Jul 14 2023 12:30PM,MPS Ltd,MPSLTD,15838.6,22.198726002539274,59.457497077531826,1149.2,6.7999999999999545,-6.2000000000000455,0.7999999999999545,-8.0,-9.350000000000136,16.34999999999991,23.799999999999955,44.049999999999955,60.299999999999955,22.200000000000045,GGGG 1126.6177083333332 1125.5666666666666,PP
Jul 20 2023 08:30AM,MPS Ltd,MPSLTD,15147.6,28.541558601914783,62.73343566179312,1173.0,20.25,36.5,-1.599999999999909,3.0,-13.349999999999909,-14.950000000000045,-14.349999999999909,-5.0,-14.400000000000091,-28.40000000000009,GGRG 1126.6177083333332 1125.5666666666666,PP
Jul 03 2023 09:30AM,Alkem Laboratories Ltd,ALKEM,186884.6,26.857361055905027,69.5699416131029,3503.3,-43.30000000000018,-7.100000000000364,-7.400000000000091,-8.5,7.649999999999636,8.949999999999818,18.699999999999818,19.949999999999818,2.599999999999909,-5.300000000000182,GGGG 3427.716666666667 3403.4,PP
Jul 03 2023 08:30AM,Advanced Enzyme Technologies Ltd,ADVENZYMES,700382.4,24.163679002591074,61.99482117522543,280.5,2.0500000000000114,2.1999999999999886,2.3500000000000227,3.1999999999999886,6.0,-3.9499999999999886,12.600000000000023,11.350000000000023,5.149999999999977,2.4499999999999886,GGGR 272.42291666666665 278.24999999999994,PP
Jul 06 2023 12:30PM,Advanced Enzyme Technologies Ltd,ADVENZYMES,336512.6,33.983719947021875,66.79797546100649,293.0,-1.1499999999999773,-7.350000000000023,-10.050000000000011,-7.25,-8.600000000000023,-8.949999999999989,-9.449999999999989,-7.350000000000023,-8.0,-7.149999999999977,GRGG 276.815625 279.9166666666667,PP
Jun 14 2023 08:30AM,Zydus Lifesciences Ltd,ZYDUSLIFE,528915.2,13.596371983668334,57.562819131130446,518.0,4.600000000000023,14.350000000000023,27.299999999999955,31.149999999999977,35.60000000000002,33.549999999999955,40.700000000000045,36.14999999999998,37.39999999999998,38.049999999999955,GGRR 508.7916666666667 506.01666666666665,PP
Jun 07 2023 08:30AM,Fortis Healthcare Ltd,FORTIS,378559.0,20.606674836172967,55.58376820488738,282.2,-1.6999999999999886,-2.599999999999966,-1.5500000000000114,-1.3999999999999773,0.6999999999999886,0.9499999999999886,1.400000000000034,1.75,6.900000000000034,4.800000000000011,GGRR 275.58750000000003 276.23333333333335,PP
Jun 07 2023 08:30AM,Jindal Stainless Ltd,JSL,396528.8,14.585530261917375,60.60347907099482,300.0,1.5,8.899999999999977,9.199999999999989,15.350000000000023,15.300000000000011,13.850000000000023,15.75,18.350000000000023,17.69999999999999,26.899999999999977,GGRR 287.3458333333333 289.31666666666666,PP
Jul 07 2023 12:30PM,Multi Commodity Exchange of India Ltd,MCX,973213.0,28.060067961339275,55.85197684087484,1594.7,2.0,-5.900000000000091,-18.100000000000136,-11.900000000000091,-14.700000000000045,21.950000000000045,8.349999999999909,9.099999999999909,-17.100000000000136,-33.350000000000136,GGGG 1538.7166666666665 1534.2666666666664,PP
Jun 27 2023 08:30AM,Chalet Hotels Ltd,CHALET,90831.6,25.978358148250727,44.12573551820348,416.0,7.75,2.0,11.649999999999977,13.199999999999989,16.80000000000001,12.600000000000023,21.05000000000001,25.69999999999999,26.100000000000023,18.25,GGRR 409.9614583333334 419.75,PP
Jun 08 2023 09:30AM,JSW Energy Ltd,JSWENERGY,1859683.2,21.52538422269019,63.39615484319937,266.7,-0.6999999999999886,-2.3999999999999773,-4.199999999999989,-5.300000000000011,-9.899999999999977,-9.75,-4.199999999999989,-5.300000000000011,-4.199999999999989,-0.8999999999999773,GGGG 256.52500000000003 255.6833333333333,PP
Jun 13 2023 12:30PM,JSW Energy Ltd,JSWENERGY,607833.0,27.304679986102062,55.17556858291183,262.5,-1.1000000000000227,0.0,3.3000000000000114,-0.30000000000001137,-0.14999999999997726,-2.3500000000000227,-5.600000000000023,-7.599999999999994,-8.5,-8.400000000000006,GRRR 256.52500000000003 255.6833333333333,PP
Jun 22 2023 08:30AM,JSW Energy Ltd,JSWENERGY,2515558.2,27.69898554603344,67.06189789517245,274.4,0.7000000000000455,-2.2999999999999545,-9.0,-12.899999999999977,-9.949999999999989,-2.6499999999999773,-4.75,-3.5499999999999545,-3.8999999999999773,-1.8999999999999773,GGGR 256.52500000000003 255.6833333333333,TrianglePatternWithHAPP
Jul 10 2023 12:30PM,Allcargo Logistics Ltd,ALLCARGO,186022.6,12.44049263718937,50.932150123263,284.55,2.5500000000000114,4.399999999999977,4.949999999999989,5.399999999999977,4.300000000000011,5.550000000000011,4.849999999999966,3.6999999999999886,4.449999999999989,6.0,GGGR 283.0885416666667 282.73333333333335,PP
Jul 05 2023 08:30AM,Sobha Ltd,SOBHA,203374.4,19.611969787705807,55.68656602807247,544.4,2.800000000000068,3.3999999999999773,11.050000000000068,9.649999999999977,28.950000000000045,29.600000000000023,25.600000000000023,22.399999999999977,18.350000000000023,19.050000000000068,GGGG 541.3692708333333 549.5666666666667,PP
Jun 12 2023 08:30AM,Kaveri Seed Company Ltd,KSCL,33381.4,18.848159652991324,55.6923256140355,518.7,-5.2000000000000455,-3.7000000000000455,-7.600000000000023,0.25,-8.000000000000057,-10.700000000000045,-8.050000000000068,-9.750000000000057,-9.450000000000045,-7.7000000000000455,GGGG 517.9291666666667 512.9833333333332,PP
Jul 05 2023 08:30AM,Kaveri Seed Company Ltd,KSCL,627012.2,18.51575456547132,80.59593323426992,569.0,-11.049999999999955,7.899999999999977,0.8500000000000227,-5.25,-8.700000000000045,-8.399999999999977,-12.700000000000045,-18.299999999999955,1.7000000000000455,-3.0,GGGG 511.2916666666667 511.2166666666667,PP
Jun 30 2023 12:30PM,Ramky Infrastructure Ltd,RAMKY,53296.8,30.374500788968042,65.1440983601118,385.4,1.1000000000000227,3.1000000000000227,3.5,-0.44999999999998863,1.6000000000000227,0.0,0.6000000000000227,2.0500000000000114,-6.399999999999977,-1.8999999999999773,GGGG 374.17604166666666 390.3666666666666,PP
Jun 07 2023 12:30PM,RPG Life Sciences Ltd,RPGLIFE,10640.0,26.52523290453993,66.249127353294,803.95,-1.7000000000000455,13.149999999999977,19.699999999999932,135.04999999999995,111.04999999999995,116.04999999999995,122.0,107.69999999999993,106.14999999999998,111.29999999999995,GGGG 792.5260416666666 786.9166666666666,PP
Jul 17 2023 08:30AM,Expleo Solutions Ltd,EXPLEOSOL,25960.8,17.16953759571748,62.80438489923418,1632.0,33.0,12.150000000000091,39.200000000000045,18.549999999999955,-10.0,-6.150000000000091,-8.0,-25.0,-40.0,-37.0,GGRG 1550.0104166666667 1598.1000000000001,PP
Jul 19 2023 08:30AM,Kirloskar Oil Engines Ltd,KIRLOSENG,198213.0,25.73741605182341,63.6211614219047,420.0,0.0,1.8999999999999773,1.1499999999999773,-1.6000000000000227,-3.6000000000000227,-8.100000000000023,-5.5,-2.8999999999999773,-5.899999999999977,-3.0,GGGG 409.3208333333334 404.0833333333333,TrianglePatternWithHAPP
Jul 26 2023 12:30PM,Kirloskar Oil Engines Ltd,KIRLOSENG,68864.6,32.094071233986135,57.34081612986661,417.7,-0.6999999999999886,0.44999999999998863,-0.14999999999997726,1.8000000000000114,4.900000000000034,21.900000000000034,22.30000000000001,46.5,33.30000000000001,30.400000000000034,GRRG 409.3208333333334 404.0833333333333,PP
Jul 12 2023 08:30AM,MTAR Technologies Ltd,MTARTECH,104610.4,17.58525973093105,57.91115502015811,1952.6,105.59999999999991,79.05000000000018,161.4000000000001,146.5999999999999,179.25,163.20000000000027,156.8499999999999,147.4000000000001,152.3499999999999,144.8499999999999,GGGR 1915.9526041666668 1940.9166666666667,PP
Jul 07 2023 08:30AM,Tejas Networks Ltd,TEJASNET,122429.6,40.13757677427202,47.23395445732594,716.0,-4.2000000000000455,-6.7999999999999545,-9.299999999999955,-12.149999999999977,16.399999999999977,25.450000000000045,22.350000000000023,21.299999999999955,108.39999999999998,104.14999999999998,GGRR 710.4130208333332 726.85,PP
Jul 12 2023 08:30AM,Tejas Networks Ltd,TEJASNET,261017.4,38.07141764551077,62.16651380338081,741.45,-3.1000000000000227,-4.150000000000091,82.94999999999993,78.69999999999993,118.09999999999991,115.04999999999995,101.34999999999991,95.54999999999995,78.44999999999993,70.89999999999998,GGRR 710.4130208333332 726.85,TrianglePatternWithHAPP
Jul 03 2023 12:30PM,Macrotech Developers Ltd,LODHA,501209.8,76.07257932401247,65.1785158387469,686.7,4.199999999999932,25.899999999999977,16.299999999999955,8.649999999999977,15.0,49.299999999999955,38.59999999999991,29.949999999999932,13.299999999999955,-6.7000000000000455,GGGG 621.425 642.9333333333333,PP
Jun 22 2023 12:30PM,Latent View Analytics Ltd,LATENTVIEW,632941.0,27.352929457356954,64.1755423852298,358.4,-4.5499999999999545,-7.849999999999966,-14.699999999999989,-10.199999999999989,-7.949999999999989,-8.349999999999966,-9.25,-9.099999999999966,-9.649999999999977,-7.75,GGRR 350.57500000000005 346.05,PP
Jul 03 2023 12:30PM,Latent View Analytics Ltd,LATENTVIEW,539326.0,17.40791719417853,72.17745585507339,373.4,1.5,1.900000000000034,-0.3499999999999659,12.100000000000023,8.550000000000011,9.900000000000034,6.600000000000023,-0.6499999999999773,-4.2999999999999545,-0.75,GGGR 348.2583333333334 349.7,TrianglePatternWithHAPP
Jun 09 2023 08:30AM,Alembic Pharmaceuticals Ltd,APLLTD,472013.4,20.040862632760682,67.8911176089065,590.2,-0.20000000000004547,-0.20000000000004547,-7.4500000000000455,-8.450000000000045,-5.2000000000000455,-2.400000000000091,-0.8500000000000227,0.8999999999999773,26.649999999999977,19.799999999999955,GGGG 555.7708333333334 562.6833333333333,PP
Jun 08 2023 08:30AM,PB Fintech Ltd,POLICYBZR,2465544.8,19.667879880531416,67.7511219609781,641.8,-10.25,-15.799999999999955,-24.799999999999955,-25.799999999999955,-27.049999999999955,-33.299999999999955,-7.449999999999932,-6.7999999999999545,-6.449999999999932,-4.399999999999977,GGGG 614.9499999999999 613.6666666666666,PP
Jun 14 2023 08:30AM,PB Fintech Ltd,POLICYBZR,1613255.8,21.725136387353384,59.44010942890906,635.0,0.35000000000002274,2.3999999999999773,5.399999999999977,9.850000000000023,19.149999999999977,16.0,28.299999999999955,26.0,25.149999999999977,24.049999999999955,GGRR 614.9499999999999 613.6666666666666,PP
Jun 21 2023 12:30PM,JTL Infra Ltd,JTLINFRA,102740.0,27.260388467898657,43.0086856118314,323.0,10.0,1.9499999999999886,2.8999999999999773,16.649999999999977,9.850000000000023,16.5,18.25,24.149999999999977,24.25,38.85000000000002,GRRG 322.55833333333334 323.79999999999995,PP
Jun 22 2023 12:30PM,JTL Infra Ltd,JTLINFRA,125000.8,24.994994103831225,46.7165936978701,325.2,0.6999999999999886,14.449999999999989,7.650000000000034,14.300000000000011,16.05000000000001,21.94999999999999,22.05000000000001,36.650000000000034,29.80000000000001,39.69999999999999,GGGR 322.55833333333334 323.79999999999995,PP
Jun 26 2023 08:30AM,JTL Infra Ltd,JTLINFRA,157067.0,24.07030448190589,53.499444510195296,332.85,6.649999999999977,8.399999999999977,14.299999999999955,14.399999999999977,29.0,22.149999999999977,32.049999999999955,25.149999999999977,28.25,26.19999999999999,GGRG 322.55833333333334 323.79999999999995,PP
Jul 19 2023 12:30PM,JTL Infra Ltd,JTLINFRA,99740.0,22.882207277815944,47.029930860735874,349.05,0.8499999999999659,2.849999999999966,6.849999999999966,5.699999999999989,19.899999999999977,18.399999999999977,16.649999999999977,19.399999999999977,19.69999999999999,27.94999999999999,GRRR 342.5333333333333 347.5,PP
Jul 21 2023 09:30AM,JTL Infra Ltd,JTLINFRA,116547.8,22.378760810557615,56.944632201332254,353.1,1.6499999999999773,15.849999999999966,14.349999999999966,12.599999999999966,15.349999999999966,15.649999999999977,23.899999999999977,21.149999999999977,21.149999999999977,25.549999999999955,GGGG 342.5333333333333 347.5,PP
Jul 14 2023 08:30AM,Aptus Value Housing Finance India Ltd,APTUS,952778.8,31.763561101772275,63.189334712474206,263.3,7.949999999999989,21.0,15.599999999999966,12.649999999999977,2.6999999999999886,3.3000000000000114,7.300000000000011,7.300000000000011,5.550000000000011,3.3999999999999773,GGGG 259.44166666666666 256.1166666666666,PP
Jun 28 2023 12:30PM,Computer Age Management Services Ltd,CAMS,29075.2,30.834637736063367,42.94650450227002,2149.6,5.400000000000091,50.34999999999991,47.65000000000009,143.4000000000001,145.4000000000001,153.45000000000027,140.0,135.9000000000001,125.45000000000027,151.45000000000027,GRRR 2133.1583333333333 2160.7000000000003,PP
Jul 04 2023 09:30AM,Computer Age Management Services Ltd,CAMS,154834.0,37.51651186290432,75.9806520252764,2310.0,-6.949999999999818,-20.40000000000009,-24.5,-34.94999999999982,-8.949999999999818,-8.699999999999818,-20.0,-27.0,-55.0,-60.05000000000018,GGGG 2198.438020833333 2196.5833333333335,PP
Jun 15 2023 08:30AM,Pricol Ltd,PRICOLLTD,530732.0,32.398626617026075,51.01811174430272,237.8,-0.8000000000000114,-0.5,-1.0500000000000114,-0.8000000000000114,-0.35000000000002274,-1.0,-3.8000000000000114,-3.8000000000000114,-4.300000000000011,-7.600000000000023,GGRR 235.2614583333333 238.61666666666667,PP
Jul 17 2023 12:30PM,Pricol Ltd,PRICOLLTD,1067555.8,19.46206780555693,65.7060225839211,239.35,2.3000000000000114,6.900000000000006,11.650000000000006,21.00000000000003,24.049999999999983,35.25000000000003,33.20000000000002,38.70000000000002,32.650000000000006,38.54999999999998,GGGG 221.91145833333334 219.7833333333334,TrianglePatternWithHAPP
Jul 19 2023 08:30AM,Pricol Ltd,PRICOLLTD,1013340.2,23.037312513714976,74.01675009149844,251.0,9.350000000000023,12.399999999999977,23.600000000000023,21.55000000000001,27.05000000000001,21.0,26.899999999999977,30.05000000000001,18.25,14.899999999999977,GGGG 236.88072916666667 235.8166666666667,PP
Jun 13 2023 08:30AM,Indiamart Intermesh Ltd,INDIAMART,84918.8,17.79122362984533,57.33152670324423,2843.05,18.449999999999818,31.449999999999818,41.22499999999991,62.32499999999982,87.34999999999991,76.42499999999973,123.375,116.44999999999982,115.34999999999991,111.94999999999982,GGRG 2796.416145833333 2836.7166666666667,PP
Aug 01 2023 12:30PM,Indiamart Intermesh Ltd,INDIAMART,130752.6,41.01203771044839,63.25799540476397,3126.85,-181.3499999999999,-170.94999999999982,-184.0999999999999,-124.54999999999973,-126.04999999999973,-60.04999999999973,-38.84999999999991,-1.349999999999909,-15.849999999999909,0.0,GGGG 2918.1041666666665 2976.4500000000003,PP
Jul 31 2023 08:30AM,PSP Projects Ltd,PSPPROJECT,197111.2,27.904712564555833,68.55525439317522,785.0,-43.0,-47.35000000000002,-53.60000000000002,-34.700000000000045,-47.85000000000002,-5.9500000000000455,0.0,7.7999999999999545,9.549999999999955,14.0,GGGG 742.7255208333332 741.2666666666668,PP
Jun 30 2023 12:30PM,Adani Green Energy Ltd,ADANIGREEN,11287426.4,20.2586664429084,42.11758612734674,946.5,-2.5,-2.1000000000000227,-3.6499999999999773,0.7000000000000455,-0.5,1.2999999999999545,1.0,7.600000000000023,11.5,8.950000000000045,GGRR 938.5416666666666 944.9833333333332,PP
Jul 12 2023 08:30AM,Adani Green Energy Ltd,ADANIGREEN,336248.2,14.24304983692139,55.10252114332731,963.1,-11.350000000000023,-8.550000000000068,-4.100000000000023,-16.050000000000068,-7.0,1.8999999999999773,3.8999999999999773,1.6000000000000227,15.299999999999955,10.649999999999977,GGGR 955.6541666666667 950.1166666666667,PP
Jul 17 2023 12:30PM,Adani Green Energy Ltd,ADANIGREEN,312628.0,12.234200641673862,56.54448293314278,967.1,-2.3999999999999773,11.299999999999955,6.649999999999977,9.049999999999955,9.899999999999977,20.699999999999932,17.899999999999977,29.949999999999932,26.100000000000023,29.899999999999977,GGRR 955.6541666666667 950.1166666666667,TrianglePatternWithHAPP
Jul 03 2023 12:30PM,Sirca Paints India Ltd,SIRCA,43335.0,37.05792369740327,57.90349003441219,353.45,2.900000000000034,0.5,0.19999999999998863,2.5500000000000114,3.5,8.0,6.949999999999989,2.8500000000000227,5.550000000000011,3.0500000000000114,GRRG 331.4375 337.48333333333335,PP
Jul 05 2023 12:30PM,Borosil Ltd,BOROLTD,35081.6,16.64341327244322,48.65420072352147,424.55,-5.300000000000011,-3.150000000000034,-5.400000000000034,-10.900000000000034,-6.550000000000011,-11.699999999999989,-9.699999999999989,-10.400000000000034,-8.5,-7.900000000000034,GRRR 417.0286458333333 428.4166666666667,PP
Jul 19 2023 08:30AM,Borosil Ltd,BOROLTD,31147.2,15.005306914121864,49.45251596821585,418.5,3.5,7.550000000000011,9.5,7.0,7.0,11.550000000000011,9.300000000000011,8.300000000000011,7.949999999999989,6.149999999999977,GGGG 417.0286458333333 428.4166666666667,PP
Jul 25 2023 12:30PM,Go Fashion (India) Ltd,GOCOLORS,33376.4,25.043490010780253,62.13717855932974,1164.1,-14.099999999999909,-4.099999999999909,2.800000000000182,7.0,6.050000000000182,9.400000000000091,10.900000000000091,22.800000000000182,19.90000000000009,80.90000000000009,GGGR 1155.9697916666667 1164.8166666666666,PP
Jul 27 2023 12:30PM,Go Fashion (India) Ltd,GOCOLORS,68868.2,23.445585092847274,62.384255670287445,1171.1,-21.09999999999991,-11.099999999999909,-4.199999999999818,0.0,-0.9499999999998181,2.400000000000091,3.900000000000091,15.800000000000182,12.900000000000091,73.90000000000009,GGRR 1155.9697916666667 1164.8166666666666,PP
Jun 05 2023 12:30PM,Rategain Travel Technologies Ltd,RATEGAIN,524014.0,17.008907701007722,52.93792716987492,390.15,5.550000000000011,11.100000000000023,11.050000000000011,8.900000000000034,9.850000000000023,11.75,6.350000000000023,10.75,9.850000000000023,5.900000000000034,GGGG 382.12916666666666 385.4666666666667,PP
